-- phpMyAdmin SQL Dump
-- version 4.7.7
-- https://www.phpmyadmin.net/
--
-- Servidor: localhost
-- Tiempo de generación: 12-03-2018 a las 16:40:47
-- Versión del servidor: 10.1.30-MariaDB
-- Versión de PHP: 7.2.2

SET SQL_MODE = "NO_AUTO_VALUE_ON_ZERO";
SET AUTOCOMMIT = 0;
START TRANSACTION;
SET time_zone = "+00:00";


/*!40101 SET @OLD_CHARACTER_SET_CLIENT=@@CHARACTER_SET_CLIENT */;
/*!40101 SET @OLD_CHARACTER_SET_RESULTS=@@CHARACTER_SET_RESULTS */;
/*!40101 SET @OLD_COLLATION_CONNECTION=@@COLLATION_CONNECTION */;
/*!40101 SET NAMES utf8mb4 */;

--
-- Base de datos: `eapi`
--

-- --------------------------------------------------------

--
-- Estructura de tabla para la tabla `migrations`
--

CREATE TABLE `migrations` (
  `id` int(10) UNSIGNED NOT NULL,
  `migration` varchar(191) COLLATE utf8mb4_unicode_ci NOT NULL,
  `batch` int(11) NOT NULL
) ENGINE=InnoDB DEFAULT CHARSET=utf8mb4 COLLATE=utf8mb4_unicode_ci;

--
-- Volcado de datos para la tabla `migrations`
--

INSERT INTO `migrations` (`id`, `migration`, `batch`) VALUES
(1, '2014_10_12_000000_create_users_table', 1),
(2, '2014_10_12_100000_create_password_resets_table', 1),
(3, '2018_03_12_141648_create_products_table', 1),
(4, '2018_03_12_141737_create_reviews_table', 1);

-- --------------------------------------------------------

--
-- Estructura de tabla para la tabla `password_resets`
--

CREATE TABLE `password_resets` (
  `email` varchar(191) COLLATE utf8mb4_unicode_ci NOT NULL,
  `token` varchar(191) COLLATE utf8mb4_unicode_ci NOT NULL,
  `created_at` timestamp NULL DEFAULT NULL
) ENGINE=InnoDB DEFAULT CHARSET=utf8mb4 COLLATE=utf8mb4_unicode_ci;

-- --------------------------------------------------------

--
-- Estructura de tabla para la tabla `products`
--

CREATE TABLE `products` (
  `id` int(10) UNSIGNED NOT NULL,
  `name` varchar(191) COLLATE utf8mb4_unicode_ci NOT NULL,
  `detail` text COLLATE utf8mb4_unicode_ci NOT NULL,
  `price` int(11) NOT NULL,
  `stock` int(11) NOT NULL,
  `discount` int(11) NOT NULL,
  `created_at` timestamp NULL DEFAULT NULL,
  `updated_at` timestamp NULL DEFAULT NULL
) ENGINE=InnoDB DEFAULT CHARSET=utf8mb4 COLLATE=utf8mb4_unicode_ci;

--
-- Volcado de datos para la tabla `products`
--

INSERT INTO `products` (`id`, `name`, `detail`, `price`, `stock`, `discount`, `created_at`, `updated_at`) VALUES
(1, 'quo', 'Necessitatibus facilis hic omnis placeat fugiat. Reprehenderit voluptas illo et soluta ducimus in quam. Maiores corporis voluptatem cum.', 882, 5, 13, '2018-03-12 19:16:05', '2018-03-12 19:16:05'),
(2, 'non', 'Aliquid explicabo et dolorum incidunt placeat. Laudantium rerum et praesentium repellendus. Velit voluptatibus nihil aliquam nemo et ipsam dicta fugit. Vel tempore exercitationem ut aut accusamus aut dolores officia.', 490, 4, 13, '2018-03-12 19:16:05', '2018-03-12 19:16:05'),
(3, 'expedita', 'Enim et rerum voluptatem deleniti explicabo. Fugiat placeat sit neque quo saepe quo tempora. Eos et et est ab quo molestiae ratione.', 639, 3, 2, '2018-03-12 19:16:06', '2018-03-12 19:16:06'),
(4, 'sequi', 'Dolor voluptas et est sit illum in veritatis. Et rerum sit ducimus aliquam illum incidunt. Aut reiciendis aut qui voluptatem dolorem dolorem quae magnam.', 708, 3, 5, '2018-03-12 19:16:06', '2018-03-12 19:16:06'),
(5, 'sequi', 'Omnis consequatur nobis perspiciatis omnis reprehenderit expedita. Adipisci earum accusamus fugiat sequi. Fuga culpa ipsum commodi et tempore ex. Non dolor est pariatur sit ea tempore.', 232, 0, 28, '2018-03-12 19:16:06', '2018-03-12 19:16:06'),
(6, 'minus', 'Excepturi ullam optio at sunt nostrum. Dolores voluptas magni molestias dolores eaque voluptas dolorum. Repellat quo omnis occaecati veritatis. At voluptas nisi ullam ut laudantium.', 274, 2, 10, '2018-03-12 19:16:06', '2018-03-12 19:16:06'),
(7, 'officiis', 'Fugiat dolorum est ut rem at voluptas. Facere optio necessitatibus nisi doloribus reiciendis. Voluptate rerum eos exercitationem est ducimus praesentium. In voluptatum incidunt amet molestiae expedita.', 910, 7, 6, '2018-03-12 19:16:06', '2018-03-12 19:16:06'),
(8, 'autem', 'Esse quo voluptates nam placeat officia nemo. Vero minus dicta sapiente atque. Sint deserunt in qui vel voluptatibus. Fugit expedita saepe rerum placeat minima. Ratione est soluta possimus occaecati eum praesentium.', 572, 6, 5, '2018-03-12 19:16:06', '2018-03-12 19:16:06'),
(9, 'dolor', 'Eveniet laudantium consequatur cum ducimus nesciunt minus ad. Enim non nihil consequatur vel iusto debitis. Suscipit impedit vel qui qui nisi excepturi velit.', 390, 3, 2, '2018-03-12 19:16:06', '2018-03-12 19:16:06'),
(10, 'enim', 'Et illum temporibus consequatur facilis omnis maxime et. Suscipit earum deserunt qui in aperiam est et. Sit voluptatem quos sed est id veniam.', 249, 8, 21, '2018-03-12 19:16:06', '2018-03-12 19:16:06'),
(11, 'esse', 'Suscipit sapiente et quibusdam quod. Aspernatur in inventore facilis nam distinctio reprehenderit qui. Et dolorem dolores minima quam doloremque perspiciatis. Et eum voluptates iure voluptatum quo animi consequatur. Ipsa aliquid aut asperiores quis est ut.', 674, 0, 2, '2018-03-12 19:16:06', '2018-03-12 19:16:06'),
(12, 'consequatur', 'Commodi ad qui quaerat impedit rerum. Ducimus eveniet laborum hic dolorem asperiores. Qui fugit et dignissimos placeat tempore dolores placeat iusto. Laudantium dolorem similique ea vel consectetur et voluptas.', 178, 2, 25, '2018-03-12 19:16:06', '2018-03-12 19:16:06'),
(13, 'incidunt', 'Velit aspernatur beatae rerum id recusandae. Ipsam adipisci rem aut fuga. Quod velit quibusdam et aliquam ut. Non qui accusantium est natus. Consequuntur dolorum ut quia.', 237, 1, 5, '2018-03-12 19:16:06', '2018-03-12 19:16:06'),
(14, 'molestias', 'Sit quia cum est iure possimus. Omnis totam modi molestiae et assumenda tenetur. Sunt deserunt ut blanditiis.', 359, 9, 8, '2018-03-12 19:16:06', '2018-03-12 19:16:06'),
(15, 'similique', 'Illo unde expedita quos. Ut rerum asperiores consequatur nobis minima suscipit. Soluta non necessitatibus delectus facere.', 454, 6, 12, '2018-03-12 19:16:06', '2018-03-12 19:16:06'),
(16, 'totam', 'Modi quos consequuntur beatae alias a. Consequatur exercitationem asperiores porro corrupti. Iusto odit ad fugit et sit dolorem.', 757, 9, 7, '2018-03-12 19:16:06', '2018-03-12 19:16:06'),
(17, 'architecto', 'Et eos repellat numquam harum. Omnis recusandae asperiores rerum debitis id omnis. Nulla similique vero sunt officiis non ut est officiis.', 972, 3, 19, '2018-03-12 19:16:06', '2018-03-12 19:16:06'),
(18, 'aut', 'Quae nobis omnis corrupti et fugit saepe sed magni. Tenetur officia aperiam architecto ipsum atque voluptatem architecto. Eum autem nobis corrupti id quas nobis qui.', 465, 4, 3, '2018-03-12 19:16:06', '2018-03-12 19:16:06'),
(19, 'aut', 'Rem quaerat sit est est ullam cupiditate itaque. Voluptates accusantium quia aliquam exercitationem dolorem. Non incidunt sint quod laborum sunt. Nobis et non autem et distinctio a.', 909, 4, 5, '2018-03-12 19:16:06', '2018-03-12 19:16:06'),
(20, 'ratione', 'Iste reiciendis eveniet odio sit rerum iste et. Maxime consequatur adipisci nulla ut inventore et maxime. Aut pariatur laudantium perspiciatis est nostrum architecto cupiditate.', 372, 2, 16, '2018-03-12 19:16:06', '2018-03-12 19:16:06'),
(21, 'quas', 'Est beatae est nesciunt ut et ad voluptatem. Iure sapiente assumenda aliquid sed. Repellendus accusantium omnis officia laborum. Ullam hic est vitae aperiam.', 867, 6, 21, '2018-03-12 19:16:06', '2018-03-12 19:16:06'),
(22, 'ex', 'Eius ut corporis ut ipsam facere. Consequatur magnam odit dolores ut. Esse iure id sit sed.', 848, 6, 9, '2018-03-12 19:16:06', '2018-03-12 19:16:06'),
(23, 'dolores', 'Eius illum accusamus et sint omnis facere voluptate. Itaque voluptas qui saepe voluptas magni consectetur sed. Omnis ad in eius laborum illo et nulla.', 110, 5, 26, '2018-03-12 19:16:06', '2018-03-12 19:16:06'),
(24, 'velit', 'Consequatur accusantium molestiae aperiam occaecati consequatur placeat. Dolore sit omnis aliquid dolore libero soluta esse. Vel nisi nihil ipsa at. Totam deleniti voluptatem suscipit nobis eum vel. Esse dolor itaque consequatur itaque nulla et.', 391, 6, 5, '2018-03-12 19:16:06', '2018-03-12 19:16:06'),
(25, 'nisi', 'Voluptatem eaque voluptatum velit iusto repellat nihil sit. Eaque asperiores molestiae repellat qui. Et tenetur molestiae et dolores qui consectetur sed asperiores. Ut quos temporibus omnis quis explicabo accusamus dolorem facere. Rem molestias fuga qui nihil.', 996, 7, 4, '2018-03-12 19:16:06', '2018-03-12 19:16:06'),
(26, 'sapiente', 'Exercitationem et et hic maxime sit non. Rerum dolor optio consequatur asperiores impedit placeat consequatur.', 363, 9, 29, '2018-03-12 19:16:06', '2018-03-12 19:16:06'),
(27, 'qui', 'Quasi eos officia minima repellat tenetur quia sint voluptas. Ut ex cumque sint corporis. Qui voluptatem eum sit. Maiores sapiente dolorem aut voluptatum.', 327, 3, 12, '2018-03-12 19:16:06', '2018-03-12 19:16:06'),
(28, 'similique', 'Ullam omnis magnam cumque error. Vero modi aperiam qui qui voluptatem ea. Ut et et distinctio assumenda. Eos beatae nam asperiores.', 587, 8, 7, '2018-03-12 19:16:06', '2018-03-12 19:16:06'),
(29, 'suscipit', 'Doloribus voluptatum similique eos odit minus nihil natus. Fugit ullam eius sit nam. Eos itaque quibusdam quae odit.', 221, 6, 3, '2018-03-12 19:16:06', '2018-03-12 19:16:06'),
(30, 'ad', 'Voluptatem laboriosam quasi voluptas optio quas blanditiis magnam. Cupiditate rerum recusandae possimus quos.', 451, 6, 22, '2018-03-12 19:16:06', '2018-03-12 19:16:06'),
(31, 'ab', 'Est voluptatem explicabo est modi reiciendis dolores. Totam delectus dignissimos et. Sit et quia assumenda quasi enim voluptas exercitationem praesentium. Non doloremque labore consectetur aut. Repudiandae quos omnis eos voluptatem dolorem sed quasi.', 105, 0, 3, '2018-03-12 19:16:06', '2018-03-12 19:16:06'),
(32, 'impedit', 'Similique culpa rerum error voluptatem sunt exercitationem. Adipisci maxime nesciunt aut est optio quo et. Eos ab molestiae sit nihil. Quia doloremque non libero quam maiores.', 137, 2, 28, '2018-03-12 19:16:06', '2018-03-12 19:16:06'),
(33, 'ut', 'Dolorum eum quia et fugit. Hic sint suscipit ex voluptatibus. Quaerat nam ipsam vitae aliquam aut esse earum mollitia. Repellendus ut molestias qui tempora occaecati.', 125, 5, 6, '2018-03-12 19:16:06', '2018-03-12 19:16:06'),
(34, 'illum', 'Fuga exercitationem repudiandae est doloremque quod. Dolor neque ut nulla excepturi. Et dolor debitis perferendis. Officiis ex perferendis culpa possimus rerum eos eum.', 216, 5, 30, '2018-03-12 19:16:06', '2018-03-12 19:16:06'),
(35, 'odit', 'Enim ut expedita sint. Nam omnis doloremque minima impedit. Dolores corrupti qui quas sapiente qui.', 934, 6, 12, '2018-03-12 19:16:06', '2018-03-12 19:16:06'),
(36, 'aut', 'Voluptas sit neque cumque ut vel tenetur dolores. Numquam nihil excepturi corporis illum sint nihil cupiditate aut. Dolor explicabo sit et aliquam aliquid.', 979, 2, 12, '2018-03-12 19:16:06', '2018-03-12 19:16:06'),
(37, 'veniam', 'Non et et ea molestiae. At omnis consequatur laboriosam beatae. Nisi illum qui libero qui ut consectetur corrupti.', 309, 3, 25, '2018-03-12 19:16:06', '2018-03-12 19:16:06'),
(38, 'nostrum', 'Veniam laborum et doloremque. Officia et facilis et sit. Illo non non distinctio id quas.', 812, 2, 14, '2018-03-12 19:16:06', '2018-03-12 19:16:06'),
(39, 'fuga', 'Aut itaque sit quis dignissimos temporibus culpa incidunt magni. Accusantium quaerat nihil earum necessitatibus deleniti quas nostrum. Omnis aspernatur porro et est et eos repudiandae et.', 362, 2, 6, '2018-03-12 19:16:06', '2018-03-12 19:16:06'),
(40, 'vel', 'Est laboriosam consequatur blanditiis ratione. Aspernatur cupiditate esse quaerat est quaerat ut amet. Dolorem hic qui tempore. Odio corrupti sequi ut numquam consequatur odio ut.', 858, 6, 19, '2018-03-12 19:16:06', '2018-03-12 19:16:06'),
(41, 'aliquam', 'Qui cupiditate iste et consequatur consequatur atque iste. Rerum alias officiis sint aliquid vero. Et exercitationem aliquid praesentium accusantium autem et.', 382, 6, 5, '2018-03-12 19:16:06', '2018-03-12 19:16:06'),
(42, 'aut', 'Dolorem ut enim velit atque. Provident perferendis tempore voluptatibus qui quis id temporibus. Ex nemo assumenda id odio. Beatae explicabo molestiae qui vitae.', 827, 7, 4, '2018-03-12 19:16:06', '2018-03-12 19:16:06'),
(43, 'aut', 'Possimus odit molestiae omnis architecto ipsam enim eaque. Quae autem quo sunt harum molestiae dolorem omnis. Earum architecto adipisci facilis.', 182, 7, 28, '2018-03-12 19:16:06', '2018-03-12 19:16:06'),
(44, 'nulla', 'Neque odit similique sint repellat velit iste praesentium. Et molestiae iure in recusandae hic a consequuntur provident. Itaque natus perferendis fugit est nesciunt.', 505, 0, 7, '2018-03-12 19:16:06', '2018-03-12 19:16:06'),
(45, 'velit', 'Rerum quia maxime quasi iste deleniti autem reprehenderit. Impedit repellat magnam mollitia eos suscipit eius incidunt. Tempora mollitia consequuntur sunt ut.', 231, 9, 11, '2018-03-12 19:16:06', '2018-03-12 19:16:06'),
(46, 'enim', 'Maiores commodi molestiae voluptatem. Consequatur nobis impedit mollitia ut. Et quia qui veritatis et reprehenderit voluptas. Ex sequi similique dolorum.', 796, 5, 20, '2018-03-12 19:16:06', '2018-03-12 19:16:06'),
(47, 'est', 'Sit maiores eos sequi repudiandae. A nihil architecto eum ratione. Culpa voluptatum quis aut rem error dolor nobis. Enim nobis inventore tempore eos ut. Totam cupiditate autem molestiae omnis dolor.', 288, 8, 17, '2018-03-12 19:16:06', '2018-03-12 19:16:06'),
(48, 'nisi', 'Ea nostrum repellat perspiciatis corrupti molestiae velit exercitationem. Dicta iusto cumque ex odio quae. Eius et iusto minus fugiat nemo delectus voluptates.', 674, 6, 8, '2018-03-12 19:16:06', '2018-03-12 19:16:06'),
(49, 'ea', 'Possimus incidunt sed vel est. Debitis aspernatur doloribus consequuntur minus blanditiis quisquam. Illum facere explicabo a consequatur sunt et. Eveniet temporibus similique provident nam.', 678, 8, 26, '2018-03-12 19:16:06', '2018-03-12 19:16:06'),
(50, 'dolor', 'Qui est qui dolores. Excepturi sint optio quidem enim. Est natus vero veniam iusto autem ut sed.', 655, 7, 14, '2018-03-12 19:16:06', '2018-03-12 19:16:06'),
(51, 'dolor', 'Fugit ea exercitationem fugiat voluptatem soluta. Debitis soluta similique ea sit voluptatibus. Quis maiores asperiores doloremque perspiciatis debitis qui ipsum. Vel optio labore et est ut.', 299, 1, 7, '2018-03-12 19:17:27', '2018-03-12 19:17:27'),
(52, 'tempora', 'Et blanditiis incidunt omnis autem nam ipsum. Suscipit et dicta aspernatur aperiam odit ut quam. Quia et corrupti voluptatibus quibusdam beatae eveniet ad. Molestiae numquam consequatur in aut omnis dolorem eos. Ex dolores velit qui omnis porro et.', 660, 8, 11, '2018-03-12 19:17:27', '2018-03-12 19:17:27'),
(53, 'suscipit', 'Sint sed officiis quam atque sunt ut ea. Harum quo et ex assumenda ut. Qui accusamus aut magni natus labore nesciunt eaque. Nihil soluta consequuntur quo velit.', 413, 3, 17, '2018-03-12 19:17:27', '2018-03-12 19:17:27'),
(54, 'doloribus', 'Sit ad dolorum voluptatem odio omnis. Voluptate fugit ipsa quae nam omnis.', 895, 4, 12, '2018-03-12 19:17:27', '2018-03-12 19:17:27'),
(55, 'aut', 'Libero tempore nesciunt in quam vel dolorem. Quam culpa quia in voluptas. Iure est et fugit saepe nihil.', 134, 4, 2, '2018-03-12 19:17:27', '2018-03-12 19:17:27'),
(56, 'aut', 'Tempora voluptas quia numquam temporibus quis et tempore. Molestiae dignissimos qui vel quia saepe perspiciatis. Sit est optio vero dolorem.', 779, 1, 10, '2018-03-12 19:17:27', '2018-03-12 19:17:27'),
(57, 'provident', 'Dolorem aperiam atque eaque sunt porro illum. Ut consectetur dolorem eos quia asperiores. Ullam aspernatur sunt qui omnis. Et omnis laboriosam alias possimus officia voluptatem.', 651, 1, 12, '2018-03-12 19:17:27', '2018-03-12 19:17:27'),
(58, 'consequatur', 'Ipsa est facere vitae doloremque repudiandae sapiente doloremque. Necessitatibus saepe error nihil eius maiores pariatur voluptatem.', 601, 7, 11, '2018-03-12 19:17:27', '2018-03-12 19:17:27'),
(59, 'reiciendis', 'Nihil perferendis ipsam facere ullam est officiis dignissimos. Tempore ullam odit unde facere.', 374, 3, 4, '2018-03-12 19:17:27', '2018-03-12 19:17:27'),
(60, 'eveniet', 'Sed distinctio ducimus sit ut accusantium. Aut quas cum in debitis ut ullam. Blanditiis esse possimus aut consequatur tempora qui nisi. Ab expedita sed autem.', 998, 5, 11, '2018-03-12 19:17:27', '2018-03-12 19:17:27'),
(61, 'nostrum', 'Animi et nam sapiente modi corrupti molestiae. Quo cumque neque magni aut. Et ex aut culpa aut corporis neque expedita. Unde nulla facere ut atque autem aut odit autem.', 627, 9, 15, '2018-03-12 19:17:27', '2018-03-12 19:17:27'),
(62, 'culpa', 'Quod fuga incidunt voluptatem est. Animi officiis voluptatibus nihil eveniet exercitationem officia. Dolorum quis nobis ea sed qui est.', 811, 2, 25, '2018-03-12 19:17:27', '2018-03-12 19:17:27'),
(63, 'aut', 'Ea illum nobis tenetur officia. Molestiae consequatur totam ex voluptates nisi dolore vero. Aut minus officia explicabo aut. Veritatis adipisci nobis labore pariatur vero.', 189, 4, 8, '2018-03-12 19:17:27', '2018-03-12 19:17:27'),
(64, 'quo', 'Quae nesciunt nulla iste delectus voluptate. Optio ut tempora necessitatibus esse explicabo provident. Sapiente nisi voluptatem quia vero omnis. Cumque rerum non consequatur et officia quia dolorum.', 414, 4, 27, '2018-03-12 19:17:27', '2018-03-12 19:17:27'),
(65, 'ut', 'Excepturi asperiores quia quae quia magni sit. Et aut magni rerum molestiae aut id expedita.', 880, 6, 15, '2018-03-12 19:17:27', '2018-03-12 19:17:27'),
(66, 'quia', 'Molestiae est non et animi omnis. Soluta dignissimos velit fugit blanditiis id.', 972, 7, 28, '2018-03-12 19:17:27', '2018-03-12 19:17:27'),
(67, 'tenetur', 'Dolores repellendus qui praesentium repellat est. Enim blanditiis repudiandae corrupti sed vel. Corrupti rem quas numquam natus et quis. Pariatur enim sed magni labore tempore placeat qui.', 401, 0, 6, '2018-03-12 19:17:27', '2018-03-12 19:17:27'),
(68, 'deserunt', 'Numquam repudiandae dolor eveniet repudiandae voluptatem consequatur quia. Et ut omnis voluptatibus. Magnam inventore voluptatem quaerat repellendus beatae corrupti iusto. In sint voluptatem optio aperiam. Et aut sit enim libero et et.', 819, 4, 20, '2018-03-12 19:17:27', '2018-03-12 19:17:27'),
(69, 'consectetur', 'Voluptas eligendi ratione nam omnis voluptatem a. Iste impedit minus porro quia atque omnis. Aspernatur et qui consequatur quis ipsa error velit quae. Quos vel consequatur sed voluptatem.', 982, 7, 16, '2018-03-12 19:17:27', '2018-03-12 19:17:27'),
(70, 'est', 'Fuga assumenda natus natus nemo iure optio dolorem. Dicta facere odio aut aliquid quidem repellendus. Ipsa vero rerum enim itaque nemo et asperiores.', 953, 1, 27, '2018-03-12 19:17:27', '2018-03-12 19:17:27'),
(71, 'eligendi', 'Excepturi beatae in sequi ut sed ad ut. Asperiores et iure adipisci qui consequuntur. Non hic consequatur et neque porro. Ipsum commodi vitae culpa ea aut debitis numquam.', 414, 7, 24, '2018-03-12 19:17:27', '2018-03-12 19:17:27'),
(72, 'nostrum', 'Nam quisquam ut quam commodi qui quas vero. Placeat deleniti consectetur nisi magnam. Quam ut quis voluptatibus alias ad necessitatibus.', 696, 5, 9, '2018-03-12 19:17:27', '2018-03-12 19:17:27'),
(73, 'ullam', 'Quia inventore enim amet suscipit quia alias porro. Qui ut mollitia voluptates. Provident eos corrupti nam harum omnis iure officia et.', 279, 2, 9, '2018-03-12 19:17:27', '2018-03-12 19:17:27'),
(74, 'eligendi', 'Nisi tenetur culpa quia et. Qui officiis quia expedita explicabo voluptatum qui. Odit voluptate sit autem minima.', 278, 5, 27, '2018-03-12 19:17:27', '2018-03-12 19:17:27'),
(75, 'harum', 'Qui ut optio sed omnis ea aut. Deleniti at mollitia inventore id saepe. Dolorem eum sint vitae sint. Doloremque rerum ut dolores voluptatum nisi assumenda nisi ut.', 795, 8, 17, '2018-03-12 19:17:27', '2018-03-12 19:17:27'),
(76, 'enim', 'Tempora sunt quo sit vero. Ut vel totam placeat ut. Doloremque itaque quis labore hic mollitia ab fuga cupiditate. Tenetur et sapiente error architecto nulla saepe sit.', 236, 8, 20, '2018-03-12 19:17:27', '2018-03-12 19:17:27'),
(77, 'veniam', 'Ut voluptate tempore fugit commodi voluptas sed voluptas. Incidunt sint placeat labore qui. Est itaque minima quisquam minus ipsam quia sit. Doloribus alias quibusdam harum reiciendis voluptatem molestias.', 194, 8, 7, '2018-03-12 19:17:27', '2018-03-12 19:17:27'),
(78, 'qui', 'Culpa quia magnam repellendus perspiciatis eos. Similique omnis maiores id atque. Esse officiis reprehenderit quam laborum quia. Nesciunt nemo molestiae ducimus qui rerum ullam et.', 321, 5, 5, '2018-03-12 19:17:27', '2018-03-12 19:17:27'),
(79, 'vel', 'Et et et porro animi tempora perspiciatis rerum repellat. Dolorum est quos molestiae excepturi laborum quaerat. Reprehenderit nesciunt reiciendis tenetur architecto voluptas occaecati molestiae. Eligendi veniam corrupti esse. Explicabo nulla voluptatem qui saepe quo.', 514, 6, 14, '2018-03-12 19:17:27', '2018-03-12 19:17:27'),
(80, 'aliquam', 'Beatae sit quis modi dolore et. Officia voluptate dolorem enim sed aut unde. Est vel est debitis fugit.', 911, 8, 26, '2018-03-12 19:17:27', '2018-03-12 19:17:27'),
(81, 'necessitatibus', 'Autem quis laudantium voluptates. In laboriosam earum laboriosam et. Architecto et est nihil. Maiores sunt labore aut reprehenderit.', 587, 7, 25, '2018-03-12 19:17:27', '2018-03-12 19:17:27'),
(82, 'dicta', 'Sapiente numquam architecto aut qui nulla odit. Libero quis iusto molestiae voluptatibus ea aut reiciendis. A autem illum id dolor voluptatem facere.', 386, 4, 19, '2018-03-12 19:17:27', '2018-03-12 19:17:27'),
(83, 'odit', 'Harum sit et in ipsum voluptatum. Harum voluptates non non quia est saepe. Saepe et voluptas placeat perspiciatis perspiciatis voluptatum aut. Delectus quia quia quis occaecati aspernatur nisi.', 696, 0, 11, '2018-03-12 19:17:27', '2018-03-12 19:17:27'),
(84, 'necessitatibus', 'Omnis dolorum laborum earum facilis dolorum ex. Doloribus cumque doloremque et illum ut nisi qui. Ut quis corrupti ab. Iusto necessitatibus harum consequatur modi. Sed maiores fugiat facilis.', 770, 5, 25, '2018-03-12 19:17:27', '2018-03-12 19:17:27'),
(85, 'nemo', 'Eos in ab tenetur voluptatem id. Omnis quo aperiam maxime quasi et.', 960, 5, 18, '2018-03-12 19:17:27', '2018-03-12 19:17:27'),
(86, 'neque', 'Distinctio voluptatem autem id nulla. Quo qui debitis ipsum iste libero aut. In distinctio aperiam aut magnam et.', 306, 0, 13, '2018-03-12 19:17:27', '2018-03-12 19:17:27'),
(87, 'incidunt', 'Ut aut doloribus quia delectus voluptas qui magnam. Minus iusto et quia libero modi eum. Reprehenderit ratione delectus pariatur similique ad quia. Aliquam excepturi ea quisquam veritatis.', 565, 7, 19, '2018-03-12 19:17:27', '2018-03-12 19:17:27'),
(88, 'repellendus', 'Architecto aliquid mollitia eum qui dolor velit porro. Ratione vel corrupti sed enim deserunt debitis aspernatur.', 405, 3, 22, '2018-03-12 19:17:27', '2018-03-12 19:17:27'),
(89, 'ipsum', 'Excepturi sed nisi ut laboriosam sit. Est vero expedita reprehenderit similique omnis vitae fugiat. Quidem in ullam praesentium ut voluptatibus nostrum.', 232, 3, 30, '2018-03-12 19:17:27', '2018-03-12 19:17:27'),
(90, 'non', 'Fugiat ab dolores hic voluptatibus consectetur officiis. Atque aliquid ut rem cumque. Maiores nisi id quibusdam sed odit magni excepturi.', 611, 7, 13, '2018-03-12 19:17:27', '2018-03-12 19:17:27'),
(91, 'sequi', 'Adipisci sed beatae earum. Quia est assumenda dicta placeat animi quasi. Eligendi ut est laborum voluptatibus. Alias vel ex dignissimos sunt id voluptatum nemo.', 143, 0, 12, '2018-03-12 19:17:27', '2018-03-12 19:17:27'),
(92, 'ut', 'Quibusdam cumque dolor repellat laboriosam voluptatem. Et minima in eius nisi. Minima sit non laudantium libero quaerat.', 254, 6, 19, '2018-03-12 19:17:27', '2018-03-12 19:17:27'),
(93, 'officia', 'Quia natus ab sint perspiciatis. Optio nam quia eveniet aspernatur consequatur. Nihil ducimus iure autem maiores sit.', 692, 7, 3, '2018-03-12 19:17:27', '2018-03-12 19:17:27'),
(94, 'qui', 'Perferendis molestiae sunt est. Odio rerum voluptates dignissimos ut quia. Dolores quam ut omnis nam in ab.', 730, 4, 15, '2018-03-12 19:17:27', '2018-03-12 19:17:27'),
(95, 'expedita', 'Hic deleniti voluptates quas est asperiores similique. Reiciendis non dolores aliquam nesciunt illum sed. Suscipit maxime culpa hic quas quaerat ut. Provident est vel veniam atque animi. Quibusdam nobis aliquam accusamus et.', 192, 2, 23, '2018-03-12 19:17:27', '2018-03-12 19:17:27'),
(96, 'est', 'Eum saepe exercitationem rem incidunt et voluptas suscipit dolorem. Nulla fugiat dignissimos excepturi ullam.', 294, 0, 9, '2018-03-12 19:17:27', '2018-03-12 19:17:27'),
(97, 'beatae', 'Tempore voluptatem voluptatibus incidunt odit eligendi. Odio architecto soluta inventore et. Ut magni molestiae necessitatibus dolores molestias iusto aliquam veritatis.', 665, 1, 10, '2018-03-12 19:17:27', '2018-03-12 19:17:27'),
(98, 'nemo', 'Culpa distinctio quas inventore itaque quisquam. Quae et quaerat omnis nisi. Iure illo est eos rerum assumenda.', 978, 0, 9, '2018-03-12 19:17:27', '2018-03-12 19:17:27'),
(99, 'ex', 'At natus maxime quam adipisci itaque. Velit quidem nulla nihil cupiditate nam alias tempora. Aspernatur quod dolorum temporibus natus dicta ut.', 467, 8, 26, '2018-03-12 19:17:27', '2018-03-12 19:17:27'),
(100, 'sequi', 'Rerum aut repellendus architecto blanditiis. Numquam reprehenderit aut officia.', 648, 0, 23, '2018-03-12 19:17:27', '2018-03-12 19:17:27'),
(101, 'sunt', 'Blanditiis ab vel corporis repellat velit porro. Voluptas et mollitia ut aut tenetur magnam quam perspiciatis. Itaque vitae ut quod sed rerum ad ea. A excepturi voluptates molestiae est et qui velit.', 737, 5, 21, '2018-03-12 19:17:44', '2018-03-12 19:17:44'),
(102, 'in', 'Qui ab accusantium ut tenetur repudiandae. Dolore alias qui dolorem eos dolores nobis non. Voluptas eos illo sint sint dolores.', 960, 9, 28, '2018-03-12 19:17:44', '2018-03-12 19:17:44'),
(103, 'labore', 'Eaque qui molestias nobis rem distinctio laudantium ipsum. Ipsum non maxime eum quo. Non et eos unde. Veniam qui occaecati sed molestiae voluptas omnis sapiente.', 465, 0, 30, '2018-03-12 19:17:44', '2018-03-12 19:17:44'),
(104, 'nesciunt', 'Pariatur quo et ea. Culpa aut omnis consequatur corporis quam dolorem error ex. Neque commodi ut ipsam et enim.', 908, 4, 5, '2018-03-12 19:17:44', '2018-03-12 19:17:44'),
(105, 'blanditiis', 'Corporis provident eaque et corporis deleniti pariatur. Ullam reiciendis qui voluptatem ut. Repudiandae doloribus reiciendis et dolores omnis.', 746, 2, 2, '2018-03-12 19:17:44', '2018-03-12 19:17:44'),
(106, 'cumque', 'Et voluptas culpa debitis tempora. Ratione sint placeat facere aut nemo. Dolor voluptatem voluptatum reiciendis maxime sapiente. Pariatur recusandae fugit quas nam minima quas molestiae ad.', 595, 5, 6, '2018-03-12 19:17:44', '2018-03-12 19:17:44'),
(107, 'qui', 'Magni natus corporis iste velit doloribus odit illo. Dignissimos id quaerat veritatis quos. Est deleniti praesentium odio et id. Quas tempora sint eum officia ex quia sit quis.', 507, 3, 18, '2018-03-12 19:17:44', '2018-03-12 19:17:44'),
(108, 'labore', 'Alias non commodi iste quis dignissimos quasi laudantium ad. Vel omnis doloremque magni adipisci rerum. Rerum alias reiciendis quia sapiente sint et. Tenetur expedita excepturi aut tenetur voluptatem.', 468, 8, 6, '2018-03-12 19:17:44', '2018-03-12 19:17:44'),
(109, 'minus', 'Consectetur similique magnam quod sed. Ut ut omnis dicta commodi. Sit sequi nulla rerum magnam repellat. Velit accusantium enim ipsum sit corrupti saepe voluptate est. Occaecati quis nisi tempore autem aliquid.', 518, 8, 22, '2018-03-12 19:17:44', '2018-03-12 19:17:44'),
(110, 'quae', 'Et necessitatibus repellat dolorem. Voluptatem ut dolorem quisquam dolorem nemo praesentium odit. Qui maxime quo quis modi provident in et. Numquam temporibus optio velit est voluptate magni.', 969, 5, 10, '2018-03-12 19:17:44', '2018-03-12 19:17:44'),
(111, 'sapiente', 'Quas veniam dicta officia asperiores rerum aut. Non sit qui sed voluptates ut ut. Et maiores omnis magni ratione voluptate earum.', 852, 4, 19, '2018-03-12 19:17:44', '2018-03-12 19:17:44'),
(112, 'quia', 'Aut quod culpa est assumenda corporis aspernatur. Dolore molestiae facere aut aut tempora. Aut voluptas enim earum nam adipisci.', 164, 4, 5, '2018-03-12 19:17:44', '2018-03-12 19:17:44'),
(113, 'debitis', 'Officia aliquid itaque officiis facere et et. Ut nostrum fugiat magni consequuntur molestias in. Aut fuga eius doloremque blanditiis repudiandae. Consequatur voluptatem enim rerum.', 969, 5, 3, '2018-03-12 19:17:44', '2018-03-12 19:17:44'),
(114, 'qui', 'Voluptate iste odio odio voluptate harum aspernatur. Maiores voluptas aut dolorem aut. Provident autem accusantium non quia voluptas sint hic et. Suscipit sed cupiditate eos non aut aspernatur perferendis.', 409, 2, 27, '2018-03-12 19:17:44', '2018-03-12 19:17:44'),
(115, 'et', 'Dolores doloribus animi voluptatem sint optio omnis dolore. Quod aut voluptatem voluptate sit quas qui. Non pariatur minima at eligendi cum molestias.', 561, 2, 3, '2018-03-12 19:17:44', '2018-03-12 19:17:44'),
(116, 'possimus', 'Corrupti ratione illum est. Laboriosam aut est repellendus in iure. Nobis qui sed et quo praesentium nulla optio.', 383, 4, 9, '2018-03-12 19:17:44', '2018-03-12 19:17:44'),
(117, 'ipsa', 'Iusto debitis libero dolorem et qui. Excepturi dolore assumenda eveniet beatae quo. Et deleniti deserunt doloremque aut facere.', 846, 3, 26, '2018-03-12 19:17:44', '2018-03-12 19:17:44'),
(118, 'nemo', 'Doloribus at commodi unde architecto molestias occaecati et. Ut quos dolorum omnis. Architecto eos dolores quo voluptatem architecto fuga quo molestias. Atque repudiandae ut blanditiis deserunt qui fuga doloremque.', 576, 0, 9, '2018-03-12 19:17:44', '2018-03-12 19:17:44'),
(119, 'ut', 'Ut nam ea non laudantium molestias nihil placeat. Consequatur aliquam praesentium molestiae dicta. Harum repellendus ut qui repudiandae reprehenderit facere occaecati. Consequuntur magni earum qui nobis quae.', 421, 6, 29, '2018-03-12 19:17:44', '2018-03-12 19:17:44'),
(120, 'et', 'Molestiae nesciunt nostrum ut nisi laborum qui voluptas. Enim veniam harum possimus dolor qui doloremque. Molestias quis molestiae quia est nisi.', 625, 9, 24, '2018-03-12 19:17:44', '2018-03-12 19:17:44'),
(121, 'aut', 'Natus hic dolores aut ipsum quisquam. Et incidunt eum velit nihil cum minima quas. Assumenda nostrum modi officiis eos quia dolorem. Esse eos officiis aut excepturi est voluptate.', 506, 4, 25, '2018-03-12 19:17:44', '2018-03-12 19:17:44'),
(122, 'qui', 'Aut quis repudiandae et neque commodi. Fuga officia quia qui ipsam ipsum magni. Eveniet minus ipsam temporibus minus dolorem in. Corrupti dolores placeat tempore provident.', 560, 6, 15, '2018-03-12 19:17:44', '2018-03-12 19:17:44'),
(123, 'modi', 'Non dolorem non modi magni. Adipisci incidunt quas quam consequatur. Recusandae enim ut ut cum. Tenetur soluta cum fuga odit.', 332, 3, 28, '2018-03-12 19:17:44', '2018-03-12 19:17:44'),
(124, 'eum', 'Dolores aspernatur velit et omnis. Esse delectus qui voluptas et accusamus. Tenetur excepturi qui in quod ducimus dolorum sunt.', 992, 5, 13, '2018-03-12 19:17:44', '2018-03-12 19:17:44'),
(125, 'placeat', 'Sit dolorum quis ipsam dicta dolorum. Cupiditate rerum beatae ut in iusto sed. Qui ea a eum commodi fugiat mollitia maiores.', 985, 3, 22, '2018-03-12 19:17:44', '2018-03-12 19:17:44'),
(126, 'id', 'Maiores beatae ad saepe ut adipisci consequuntur aut delectus. Magnam quibusdam qui modi perferendis cupiditate recusandae. Doloribus nisi tenetur asperiores dignissimos optio aut rerum ab.', 528, 5, 29, '2018-03-12 19:17:44', '2018-03-12 19:17:44'),
(127, 'fuga', 'Asperiores ipsa est labore molestias reprehenderit deleniti veniam. Dolore praesentium dicta ut exercitationem deserunt et. Delectus quis dolorem incidunt et inventore. Exercitationem quas est impedit consequuntur sapiente et. Eius quis ipsum quia voluptatem et sunt numquam.', 533, 4, 6, '2018-03-12 19:17:44', '2018-03-12 19:17:44'),
(128, 'quidem', 'Consequatur id sequi nobis eveniet et maxime qui. Ullam unde distinctio debitis quae nemo. Molestias eius modi nesciunt sequi praesentium et dolorum. Ut numquam consequatur quia vero vel in. Modi quaerat et illum ut ipsam recusandae.', 830, 3, 16, '2018-03-12 19:17:44', '2018-03-12 19:17:44'),
(129, 'quaerat', 'Blanditiis optio incidunt occaecati ad officiis. Omnis et inventore voluptatem molestiae commodi. Amet ut iure nemo quo facere saepe sint.', 563, 6, 9, '2018-03-12 19:17:44', '2018-03-12 19:17:44'),
(130, 'eaque', 'Repellendus quod tenetur amet repellat numquam ut. Laboriosam eum ut sit error. Distinctio tenetur aut corrupti. Occaecati sed et numquam corporis et.', 625, 4, 10, '2018-03-12 19:17:44', '2018-03-12 19:17:44'),
(131, 'dolor', 'In voluptatem quidem voluptates excepturi commodi velit dicta. Aut consequuntur voluptates et alias voluptatibus qui quos. Eligendi occaecati sed est et. Eaque ipsam harum eveniet inventore excepturi provident. Et harum maiores rem molestias illum sunt ab.', 173, 8, 16, '2018-03-12 19:17:44', '2018-03-12 19:17:44'),
(132, 'mollitia', 'Ducimus placeat et laboriosam delectus nisi. Sequi accusantium eveniet aperiam voluptatem vitae. Dolor tempore consequatur optio eligendi quo ut.', 796, 7, 11, '2018-03-12 19:17:44', '2018-03-12 19:17:44'),
(133, 'nam', 'Ut eos rem nobis autem voluptates voluptatem nostrum. Sed excepturi voluptatem debitis eum quia vel ut mollitia. Et ut et accusamus maxime debitis et illum possimus.', 519, 9, 3, '2018-03-12 19:17:44', '2018-03-12 19:17:44'),
(134, 'cumque', 'Eos magni facere quae explicabo. Ea qui sit laboriosam necessitatibus illo harum ut. Ex omnis laudantium nesciunt doloremque tempora. Consequuntur rerum ea aperiam alias consectetur laboriosam.', 480, 9, 4, '2018-03-12 19:17:44', '2018-03-12 19:17:44'),
(135, 'sunt', 'Sit vel dolores voluptatem rem optio blanditiis. Sint sint et odio recusandae saepe eaque fugit. Tempore perspiciatis inventore maxime rerum facilis. Eius impedit minima quia hic. Similique quam eius voluptatem.', 717, 6, 6, '2018-03-12 19:17:44', '2018-03-12 19:17:44'),
(136, 'et', 'Quibusdam doloribus maiores error iusto voluptatibus rerum. Aut dolore rerum voluptatem ducimus. Sed voluptas magni iure est nihil deserunt natus officia.', 718, 7, 9, '2018-03-12 19:17:44', '2018-03-12 19:17:44'),
(137, 'perspiciatis', 'Provident facere tenetur eligendi eum nemo. Ex exercitationem consectetur voluptatum tempora culpa et. Quibusdam esse ut est inventore ea quia et.', 955, 4, 25, '2018-03-12 19:17:44', '2018-03-12 19:17:44'),
(138, 'praesentium', 'Qui assumenda dolorem ullam voluptatem aspernatur. Et dolorem minus laboriosam deserunt voluptatem. Eligendi aut dolores quod consequatur ratione deleniti quia. Velit ullam sit soluta rerum.', 878, 9, 6, '2018-03-12 19:17:44', '2018-03-12 19:17:44'),
(139, 'aut', 'Sint consectetur veniam qui. Laborum nihil aliquam facilis dicta sed ducimus. Quia delectus animi aut facere beatae mollitia ipsum minus.', 936, 4, 9, '2018-03-12 19:17:44', '2018-03-12 19:17:44'),
(140, 'sint', 'Est dolor perspiciatis nostrum distinctio soluta consequatur. Quasi dignissimos sed fugiat tempora reiciendis quisquam incidunt consectetur. Ipsa est accusantium enim deserunt et dolor ullam vero. Libero nihil reiciendis nobis illo modi.', 920, 2, 13, '2018-03-12 19:17:45', '2018-03-12 19:17:45'),
(141, 'sit', 'Ut esse quae ut facere et corporis quasi. Rerum minus voluptatem voluptatum tempore a et et. Id repellendus ullam ab consequuntur aut et iste. Voluptatem laudantium culpa totam velit impedit sit iste.', 705, 8, 17, '2018-03-12 19:17:45', '2018-03-12 19:17:45'),
(142, 'dolorum', 'Et dolor porro rerum est ab. Aperiam facere ipsum nihil culpa. Minima eos numquam a aliquam aut similique minima.', 474, 2, 27, '2018-03-12 19:17:45', '2018-03-12 19:17:45'),
(143, 'reiciendis', 'Aliquam non vitae beatae dolor deleniti natus. Quo fuga itaque ea et aut numquam quibusdam. Doloremque quaerat quas officiis commodi. Dolorum voluptatem consequatur provident nam autem vero.', 586, 4, 18, '2018-03-12 19:17:45', '2018-03-12 19:17:45'),
(144, 'similique', 'Asperiores sit et quibusdam delectus. Inventore dolore sed ut. Voluptatem non aut tempore quia. Consequatur expedita magni laboriosam non voluptas exercitationem eos magnam.', 947, 1, 5, '2018-03-12 19:17:45', '2018-03-12 19:17:45'),
(145, 'rerum', 'Omnis aut odio qui aut iste. Voluptate qui nulla voluptates quia rerum. Nihil explicabo omnis ut voluptas ut atque. Nisi cum aut distinctio natus quia voluptatem.', 253, 3, 23, '2018-03-12 19:17:45', '2018-03-12 19:17:45'),
(146, 'enim', 'Quisquam fuga totam voluptatem porro odit rerum. Asperiores quam saepe et expedita et animi totam. Distinctio dignissimos voluptas illum quis aut.', 820, 9, 15, '2018-03-12 19:17:45', '2018-03-12 19:17:45'),
(147, 'repellendus', 'Nam hic aspernatur ipsa voluptate a temporibus. Sed laborum eos nihil. Ut animi doloribus et. Facere illum vitae totam voluptatibus aut aut.', 330, 7, 13, '2018-03-12 19:17:45', '2018-03-12 19:17:45'),
(148, 'ex', 'Ea molestias dolores neque repellendus iusto rerum. Voluptatem veritatis deserunt dolorum exercitationem et. Repellendus earum dolor soluta sit modi velit nostrum ea.', 941, 6, 26, '2018-03-12 19:17:45', '2018-03-12 19:17:45'),
(149, 'dolor', 'Id aut nostrum in cum. Non nobis est ea voluptas sit consequatur. Voluptas eos hic est sunt.', 923, 1, 9, '2018-03-12 19:17:45', '2018-03-12 19:17:45'),
(150, 'eaque', 'Aut vel rerum et pariatur nesciunt laboriosam iste molestiae. Et voluptatum enim et. Eos et numquam omnis soluta.', 760, 8, 22, '2018-03-12 19:17:45', '2018-03-12 19:17:45'),
(151, 'est', 'Ducimus exercitationem sapiente nostrum accusamus eius. Alias ea et dolor id corporis. Et id officia ut qui dicta.', 651, 0, 17, '2018-03-12 19:18:47', '2018-03-12 19:18:47'),
(152, 'impedit', 'Debitis pariatur temporibus voluptates reiciendis debitis ex. Tempore quae dolor non reiciendis. Qui sapiente ut ad quam repellat magnam. Fugiat animi occaecati odit ex nobis impedit.', 249, 7, 19, '2018-03-12 19:18:47', '2018-03-12 19:18:47'),
(153, 'enim', 'Iure qui occaecati ullam maxime voluptatem fuga nihil. Quia explicabo sit exercitationem. Perspiciatis labore aspernatur perspiciatis ratione assumenda eos totam. Ullam aut asperiores animi aliquam aut eius qui repellendus.', 436, 2, 7, '2018-03-12 19:18:47', '2018-03-12 19:18:47'),
(154, 'aut', 'Est et laborum ullam cumque ut aut. Quos autem aut quia aperiam. Eos aliquid magni est est.', 963, 8, 27, '2018-03-12 19:18:47', '2018-03-12 19:18:47'),
(155, 'reiciendis', 'Quae et eum cumque nihil. Corporis voluptates veritatis provident ut neque perspiciatis. Hic dicta ut iste delectus aut voluptas natus illum. Ad distinctio dignissimos minus voluptatibus vel.', 276, 5, 2, '2018-03-12 19:18:47', '2018-03-12 19:18:47'),
(156, 'voluptas', 'Nostrum eos consequatur doloremque maiores autem odio labore. Doloribus aut fugit consequatur eaque dolorum. Qui nulla inventore vel natus incidunt soluta et. Cupiditate voluptatem iure at nemo beatae odio.', 859, 3, 9, '2018-03-12 19:18:47', '2018-03-12 19:18:47'),
(157, 'modi', 'Sequi amet aliquid est quod. Accusamus omnis aut natus dolorem repellendus sint blanditiis. Tempora enim et deserunt tenetur id vero. Alias qui dolorum autem. Voluptatem ipsa voluptas consectetur voluptas.', 298, 7, 13, '2018-03-12 19:18:47', '2018-03-12 19:18:47'),
(158, 'atque', 'Omnis rerum maiores sapiente reiciendis. Ad et non odio illo. Sint praesentium iure ab autem aspernatur asperiores.', 372, 7, 2, '2018-03-12 19:18:47', '2018-03-12 19:18:47'),
(159, 'enim', 'Rerum velit nihil qui rerum maiores in alias. Doloribus saepe ut quo est tempore et.', 592, 8, 11, '2018-03-12 19:18:47', '2018-03-12 19:18:47'),
(160, 'est', 'Quia officia aut dignissimos ut voluptates tempore. Iure rerum quia tenetur cum consequatur voluptate. Aliquid recusandae expedita sunt excepturi quisquam expedita. Maiores ducimus repellat perferendis deleniti odit neque modi.', 169, 8, 13, '2018-03-12 19:18:47', '2018-03-12 19:18:47'),
(161, 'incidunt', 'Quam est voluptatem quasi voluptate. A sequi itaque in voluptatibus. Voluptatem possimus libero reiciendis omnis ullam.', 944, 0, 13, '2018-03-12 19:18:47', '2018-03-12 19:18:47'),
(162, 'vel', 'Inventore esse perferendis unde quo. Et cumque possimus inventore doloremque animi id et rem. Repellat reiciendis natus dignissimos aliquam quae molestiae tempora.', 294, 2, 7, '2018-03-12 19:18:47', '2018-03-12 19:18:47'),
(163, 'quo', 'Ipsa laudantium dolorem quia aperiam ipsam quia impedit culpa. Ipsum beatae in ea alias quaerat ab amet et. Cupiditate veritatis repudiandae corrupti quae error.', 955, 3, 9, '2018-03-12 19:18:47', '2018-03-12 19:18:47'),
(164, 'tenetur', 'Veritatis omnis neque consequatur quos pariatur omnis. Facere autem deleniti culpa consequatur explicabo dolorum ratione reprehenderit. Repellendus architecto voluptas quia sunt magnam omnis voluptas incidunt.', 800, 8, 4, '2018-03-12 19:18:47', '2018-03-12 19:18:47'),
(165, 'ut', 'Occaecati iure inventore aut velit libero sit. Quia odit ut possimus reprehenderit aliquam delectus. Nesciunt et non aut. Mollitia quas non hic provident rem beatae autem.', 374, 2, 26, '2018-03-12 19:18:47', '2018-03-12 19:18:47'),
(166, 'sequi', 'Exercitationem sunt sit voluptatem quis nobis recusandae rerum. Porro possimus excepturi veritatis corrupti numquam voluptatibus esse. Minus eligendi quia dignissimos veritatis possimus hic.', 302, 3, 20, '2018-03-12 19:18:47', '2018-03-12 19:18:47'),
(167, 'aut', 'Minima corrupti id saepe sapiente dolore repellat laudantium. Voluptatem dicta ipsum in fugit omnis. Voluptas non voluptatum blanditiis hic voluptatem ut.', 599, 6, 15, '2018-03-12 19:18:47', '2018-03-12 19:18:47'),
(168, 'dolorum', 'Consequatur quod eos consequuntur laudantium sit quo aut. Et voluptatem exercitationem deleniti porro sit cumque. Reiciendis officiis voluptatum aut sint.', 765, 4, 25, '2018-03-12 19:18:47', '2018-03-12 19:18:47'),
(169, 'harum', 'Nisi tempora rerum dolores corrupti pariatur. Placeat doloremque nisi ad. Aut illum sint ea ad voluptatem aut suscipit. Sint et totam non ab molestias.', 447, 4, 3, '2018-03-12 19:18:47', '2018-03-12 19:18:47'),
(170, 'at', 'Facere eaque quidem ut qui distinctio tempora aut. Fuga aut eaque eius odio. Est tenetur quia eum et et laudantium.', 663, 5, 10, '2018-03-12 19:18:47', '2018-03-12 19:18:47'),
(171, 'ipsum', 'Voluptate dolores rerum in dignissimos culpa incidunt. Nam tempore eum molestiae. Sint praesentium iste laborum alias magnam voluptas minima aperiam. Dolorem voluptas earum et ut et blanditiis. Sed non modi incidunt molestiae.', 547, 9, 10, '2018-03-12 19:18:47', '2018-03-12 19:18:47'),
(172, 'soluta', 'Nulla dicta illum accusamus fugit. Enim dolorum repudiandae explicabo porro. Dolor quo et optio et.', 212, 2, 22, '2018-03-12 19:18:47', '2018-03-12 19:18:47'),
(173, 'atque', 'Doloribus nulla omnis ad numquam voluptate. Magnam voluptas in occaecati adipisci modi vitae laboriosam.', 705, 3, 10, '2018-03-12 19:18:47', '2018-03-12 19:18:47'),
(174, 'corrupti', 'Perferendis odit error voluptatem. Est est consequatur consequuntur eveniet nam.', 612, 4, 11, '2018-03-12 19:18:47', '2018-03-12 19:18:47'),
(175, 'et', 'Corrupti nisi dolores ut placeat nesciunt dolor quia quia. Occaecati quam velit praesentium. Tempore ea et aspernatur omnis tempore.', 655, 4, 24, '2018-03-12 19:18:47', '2018-03-12 19:18:47'),
(176, 'reprehenderit', 'Molestiae error rerum ut quidem. Culpa ut fugit et non est. Facere animi et eos ad aliquid cupiditate. Suscipit cumque saepe officiis adipisci est.', 366, 9, 21, '2018-03-12 19:18:47', '2018-03-12 19:18:47'),
(177, 'eum', 'Tenetur maxime aliquam sed. Maiores et facilis tenetur deserunt. Libero odio sunt ut eius et enim ipsa. Est maiores alias dolore totam natus dolorem voluptatibus.', 119, 7, 8, '2018-03-12 19:18:47', '2018-03-12 19:18:47'),
(178, 'ut', 'Modi qui cumque et aut ipsum distinctio eum. Cupiditate reprehenderit minima nesciunt dolores odit tempora asperiores. Placeat incidunt dicta dolorem. Aut quisquam quia similique deserunt iusto ipsam et.', 212, 9, 10, '2018-03-12 19:18:47', '2018-03-12 19:18:47'),
(179, 'eum', 'Quia perspiciatis voluptatem quidem veniam. Aliquam distinctio porro veritatis nesciunt dolorum qui. Omnis eum harum quo iusto nisi ipsam. Consectetur aut odit aut maiores amet.', 851, 3, 10, '2018-03-12 19:18:47', '2018-03-12 19:18:47'),
(180, 'dolore', 'Occaecati ut consequatur est aut. Sit quia ad inventore exercitationem. Consequuntur magnam dolorem sed est.', 787, 8, 30, '2018-03-12 19:18:47', '2018-03-12 19:18:47'),
(181, 'amet', 'Quisquam enim molestias reiciendis nesciunt. Quam quo qui sint aut beatae qui soluta. Veritatis ut ducimus sint sit tempore unde quo dolorem. Iure impedit ducimus enim tempore. Quam architecto adipisci voluptatum voluptatem inventore accusamus laudantium.', 235, 2, 18, '2018-03-12 19:18:47', '2018-03-12 19:18:47'),
(182, 'aspernatur', 'Nihil quis harum beatae illo et maiores cumque. Quia ratione natus molestias distinctio est asperiores ea voluptatibus. Ipsa esse unde dolore debitis voluptas optio iste.', 415, 6, 14, '2018-03-12 19:18:47', '2018-03-12 19:18:47'),
(183, 'quis', 'Ut sunt sint numquam. In minima est distinctio ea quasi ut illo ratione. Reprehenderit dolor iste eos rerum quia.', 869, 7, 13, '2018-03-12 19:18:47', '2018-03-12 19:18:47'),
(184, 'est', 'Similique suscipit incidunt et nisi. Laboriosam animi autem eaque voluptatum qui porro aut et. Similique aliquid hic et tempora quod.', 714, 9, 6, '2018-03-12 19:18:47', '2018-03-12 19:18:47'),
(185, 'distinctio', 'Cumque et qui est. Porro nam veritatis reiciendis nesciunt. Voluptate harum repudiandae voluptatibus laboriosam deleniti voluptatem facere. Ab dolores hic corporis veniam pariatur.', 246, 2, 28, '2018-03-12 19:18:47', '2018-03-12 19:18:47'),
(186, 'suscipit', 'Consequatur modi recusandae amet mollitia atque. Repellat incidunt sed ad. Rerum voluptatum vitae consequuntur accusamus nihil aliquid quod. Odio et quia molestiae saepe.', 501, 9, 5, '2018-03-12 19:18:47', '2018-03-12 19:18:47'),
(187, 'rerum', 'Et quidem cupiditate officiis modi. Et ut ea ut totam aperiam. Maiores voluptatem distinctio rerum eaque quia. Quis quia enim animi iste accusantium nulla.', 695, 7, 13, '2018-03-12 19:18:47', '2018-03-12 19:18:47'),
(188, 'non', 'Est natus dolorem recusandae autem. Consequatur quibusdam ut labore eum et alias id. Sit quis fugiat ducimus quia ut. Autem ipsam vel qui blanditiis vel et quaerat nulla.', 572, 1, 3, '2018-03-12 19:18:47', '2018-03-12 19:18:47'),
(189, 'non', 'Qui nobis autem neque ad optio qui. Sunt suscipit ipsa voluptatem eos aut.', 657, 4, 21, '2018-03-12 19:18:47', '2018-03-12 19:18:47'),
(190, 'minus', 'Qui alias qui molestiae accusamus odio maxime. Reprehenderit soluta numquam et facilis. Ad sint ab provident nihil. Autem id modi molestiae et officiis odit iste occaecati. Quis et id quibusdam amet explicabo pariatur veritatis.', 274, 1, 25, '2018-03-12 19:18:47', '2018-03-12 19:18:47'),
(191, 'suscipit', 'Delectus dolor ut illo dignissimos ducimus autem. Totam unde vel quidem at. Dolor repellat omnis consequuntur a. Quia dolor eveniet ut atque non quia.', 393, 9, 7, '2018-03-12 19:18:47', '2018-03-12 19:18:47'),
(192, 'expedita', 'Sit et inventore officia maxime. Excepturi vel earum omnis eius. Quasi non enim illum rerum magnam. Libero necessitatibus ratione eos magnam omnis ut ut.', 356, 8, 21, '2018-03-12 19:18:47', '2018-03-12 19:18:47'),
(193, 'voluptates', 'Vero saepe eligendi et. Blanditiis aut optio enim ut dicta consectetur voluptatem voluptate. Odit occaecati voluptas perspiciatis nostrum quisquam. Placeat et voluptas doloremque.', 219, 6, 6, '2018-03-12 19:18:47', '2018-03-12 19:18:47'),
(194, 'sint', 'Atque expedita libero voluptas nostrum. Excepturi tempora nulla consectetur molestias earum veritatis doloribus. Et omnis praesentium dignissimos.', 554, 3, 26, '2018-03-12 19:18:47', '2018-03-12 19:18:47'),
(195, 'temporibus', 'Nostrum alias vero fuga animi. Eius doloribus rerum quaerat recusandae et. Ut distinctio possimus velit est.', 273, 4, 10, '2018-03-12 19:18:47', '2018-03-12 19:18:47'),
(196, 'numquam', 'Nihil nemo in fugiat animi neque culpa. Ex omnis totam deleniti consequatur quis. Enim aut itaque et nostrum commodi.', 664, 0, 8, '2018-03-12 19:18:47', '2018-03-12 19:18:47'),
(197, 'inventore', 'Qui optio repudiandae sit possimus soluta odit omnis facilis. Est odit ea et doloribus nesciunt rerum. Tenetur et soluta incidunt repellat dicta id. Reprehenderit est adipisci eaque quae.', 605, 5, 29, '2018-03-12 19:18:47', '2018-03-12 19:18:47'),
(198, 'aut', 'Animi exercitationem dolores optio aut. Facilis perspiciatis ullam aut quia quia. Nesciunt dolores et rem est repellendus ex ipsam.', 643, 4, 12, '2018-03-12 19:18:47', '2018-03-12 19:18:47'),
(199, 'voluptate', 'Delectus reiciendis consequatur ut sunt repellendus consequatur. Dolores dolore eum qui eveniet ipsum molestias. Est praesentium deleniti saepe aut debitis dolores iste.', 594, 2, 28, '2018-03-12 19:18:47', '2018-03-12 19:18:47'),
(200, 'maiores', 'Quam quos voluptatem dolores voluptates. Doloribus quaerat architecto pariatur sapiente officiis. Culpa placeat aut tenetur est consequuntur incidunt optio.', 412, 0, 4, '2018-03-12 19:18:47', '2018-03-12 19:18:47'),
(201, 'voluptatem', 'Facilis sunt hic occaecati eos odit. Molestiae voluptatem nisi aspernatur atque et quasi et ea. Rerum asperiores ut sit sed ut vel dolores.', 734, 7, 22, '2018-03-12 19:18:57', '2018-03-12 19:18:57'),
(202, 'qui', 'Quis et iusto impedit consequuntur. Vel eveniet illum eveniet sed.', 222, 4, 2, '2018-03-12 19:18:57', '2018-03-12 19:18:57'),
(203, 'voluptas', 'Perspiciatis quis alias nemo cumque et amet eum et. Facere maxime pariatur veritatis distinctio. Incidunt quod aperiam ipsa possimus ab esse.', 178, 1, 29, '2018-03-12 19:18:57', '2018-03-12 19:18:57'),
(204, 'eveniet', 'Omnis laudantium eos expedita et sit tenetur placeat. Pariatur omnis cumque ut laudantium a est. Porro at est dignissimos incidunt rem est.', 349, 3, 16, '2018-03-12 19:18:57', '2018-03-12 19:18:57'),
(205, 'dolorem', 'Magnam omnis autem aspernatur. Sequi similique sit quia voluptatem. Vel corporis tempore voluptatibus totam eos dignissimos quisquam.', 655, 6, 11, '2018-03-12 19:18:57', '2018-03-12 19:18:57'),
(206, 'in', 'Atque blanditiis omnis molestiae accusantium et officia. Dolor ipsa nostrum eius dolores voluptatem eos est. Omnis aut qui rem modi quia sapiente.', 524, 7, 12, '2018-03-12 19:18:57', '2018-03-12 19:18:57'),
(207, 'nulla', 'Voluptatem deserunt omnis tenetur nihil magni rerum eaque. At cum ut error vel neque omnis tempora. Et dolores vel velit explicabo iusto rerum qui.', 959, 3, 18, '2018-03-12 19:18:57', '2018-03-12 19:18:57'),
(208, 'commodi', 'Cumque necessitatibus animi cupiditate. Fugit commodi enim facilis. Et sit laudantium adipisci expedita et omnis est. Sint iste odio illum ratione fugiat.', 842, 1, 5, '2018-03-12 19:18:57', '2018-03-12 19:18:57'),
(209, 'error', 'Dicta nisi hic autem quae. Repudiandae ea deserunt ea quis.', 495, 9, 23, '2018-03-12 19:18:57', '2018-03-12 19:18:57'),
(210, 'voluptate', 'Dolores velit eos non atque at. Voluptas quo magni perferendis. Non illo soluta repudiandae omnis dolorem praesentium vero.', 272, 1, 4, '2018-03-12 19:18:57', '2018-03-12 19:18:57'),
(211, 'est', 'Illo nesciunt tempora eos quia. Consequuntur consectetur impedit ut.', 511, 2, 20, '2018-03-12 19:18:57', '2018-03-12 19:18:57'),
(212, 'explicabo', 'Tempore iure dolor quod et. Blanditiis illum a esse aut est voluptas. Itaque voluptatem rerum qui et atque vel et.', 568, 4, 19, '2018-03-12 19:18:57', '2018-03-12 19:18:57'),
(213, 'eos', 'Voluptates voluptas at soluta placeat labore. Magni qui dignissimos iusto quo quos dolor. Dicta adipisci provident voluptas consequatur deleniti omnis eveniet.', 186, 5, 14, '2018-03-12 19:18:57', '2018-03-12 19:18:57'),
(214, 'repudiandae', 'Sint vel quia aliquam fuga rerum tenetur consequuntur. Eligendi eos incidunt nobis quam magnam. Dolorem sequi numquam nihil et est odio ut.', 331, 5, 20, '2018-03-12 19:18:57', '2018-03-12 19:18:57'),
(215, 'quod', 'Aliquam aliquam id nesciunt facere dolor numquam. Ratione sequi labore ut ducimus blanditiis. A corrupti qui libero et dolorum. Veritatis incidunt eligendi qui.', 856, 3, 14, '2018-03-12 19:18:57', '2018-03-12 19:18:57');
INSERT INTO `products` (`id`, `name`, `detail`, `price`, `stock`, `discount`, `created_at`, `updated_at`) VALUES
(216, 'amet', 'Veritatis quia repellat rerum voluptas ad consectetur. Soluta esse cum cum qui. Quia molestiae corrupti rerum voluptatum. Vero et vel tempore id rerum odio magnam atque.', 442, 6, 15, '2018-03-12 19:18:57', '2018-03-12 19:18:57'),
(217, 'nihil', 'Voluptatum ex cumque rerum quasi veritatis aperiam cupiditate. Modi aut qui qui fugit. Eius molestias blanditiis eum tempora. Iste suscipit dolor ea consectetur.', 285, 8, 16, '2018-03-12 19:18:57', '2018-03-12 19:18:57'),
(218, 'voluptatum', 'Repellendus tempora occaecati ipsum deserunt ipsa. Cum eos autem atque dolorem minus exercitationem ipsam error. Quasi ut sunt eum veniam sint eius amet.', 614, 1, 7, '2018-03-12 19:18:57', '2018-03-12 19:18:57'),
(219, 'eveniet', 'Voluptatibus exercitationem nobis qui neque et nobis numquam. Sed et sed nihil dolor temporibus enim blanditiis. Omnis facere aut consequuntur rerum a quia. Cum non et temporibus praesentium aut.', 578, 7, 12, '2018-03-12 19:18:57', '2018-03-12 19:18:57'),
(220, 'accusamus', 'Amet unde porro et itaque sunt sed. Quae harum error vel est minima vitae. Non nostrum vitae recusandae.', 478, 7, 8, '2018-03-12 19:18:57', '2018-03-12 19:18:57'),
(221, 'ea', 'Et occaecati aut voluptatibus dolores sit. In sed aut asperiores sunt iusto quaerat. Temporibus nostrum atque enim est.', 790, 8, 9, '2018-03-12 19:18:57', '2018-03-12 19:18:57'),
(222, 'quia', 'Dolores consectetur ipsa aspernatur et voluptas nobis. Eveniet consequatur laborum saepe ullam labore quo modi. Non dolores odit enim praesentium. Voluptatibus eos quia sit facere nesciunt. Natus quas aspernatur facere occaecati inventore sequi animi.', 993, 5, 28, '2018-03-12 19:18:57', '2018-03-12 19:18:57'),
(223, 'ducimus', 'Qui dolores unde est voluptatem ut soluta deleniti. Iste esse consequatur minus eaque vel perspiciatis et. Facere numquam quos vitae nobis.', 763, 6, 12, '2018-03-12 19:18:57', '2018-03-12 19:18:57'),
(224, 'est', 'Et aut provident earum dolor. Sit esse quos saepe eos cumque. Excepturi earum enim ut non quia dolorum. Voluptatem consequuntur ea qui officiis voluptate.', 998, 6, 16, '2018-03-12 19:18:57', '2018-03-12 19:18:57'),
(225, 'mollitia', 'Officiis incidunt sint eum sunt. Et et est expedita eum et delectus nihil. Expedita qui quia sunt beatae aut.', 545, 5, 8, '2018-03-12 19:18:57', '2018-03-12 19:18:57'),
(226, 'qui', 'Et voluptate molestiae illo dolor. Est qui molestiae facilis dignissimos ut consequatur eum. Sapiente dolores in eum voluptatem voluptas dolorum earum.', 168, 8, 16, '2018-03-12 19:18:57', '2018-03-12 19:18:57'),
(227, 'quia', 'Excepturi incidunt earum in repellendus quam et corrupti. Aut et exercitationem laboriosam maiores possimus. Deleniti libero et sed ut. Quo veritatis vero at.', 734, 0, 29, '2018-03-12 19:18:57', '2018-03-12 19:18:57'),
(228, 'excepturi', 'Animi nostrum ullam iure quas aperiam voluptas. Autem et eos aut explicabo ex nihil possimus. Commodi quasi atque omnis.', 169, 9, 13, '2018-03-12 19:18:57', '2018-03-12 19:18:57'),
(229, 'quo', 'Cumque veritatis tenetur fuga voluptatem sit dignissimos quas veniam. Sit cum nesciunt eum laudantium eos consequatur. Nihil doloribus exercitationem dignissimos et nostrum voluptatem ut consequatur. Minus velit earum voluptatum aspernatur esse.', 902, 2, 26, '2018-03-12 19:18:57', '2018-03-12 19:18:57'),
(230, 'aliquid', 'Excepturi incidunt sed iste occaecati ratione. Voluptas labore rerum sunt error doloremque sapiente qui.', 828, 7, 12, '2018-03-12 19:18:57', '2018-03-12 19:18:57'),
(231, 'dolore', 'Saepe id accusamus dolor quasi est. Sed amet libero aut et dolorem pariatur quaerat et. Et consequatur repellat et qui itaque natus perspiciatis.', 471, 4, 2, '2018-03-12 19:18:57', '2018-03-12 19:18:57'),
(232, 'totam', 'Eum aut est ipsam excepturi similique sit. Quae rem eum est. Modi ut enim qui fuga. Accusamus dignissimos alias cum eum reprehenderit vel.', 852, 5, 15, '2018-03-12 19:18:57', '2018-03-12 19:18:57'),
(233, 'id', 'Saepe maiores voluptatem unde sit vel totam odio. Odio sed quas commodi rem modi aspernatur et. Sint ea accusamus tenetur aliquid. Asperiores praesentium atque fugiat autem harum qui neque.', 779, 7, 14, '2018-03-12 19:18:57', '2018-03-12 19:18:57'),
(234, 'soluta', 'Veniam sit similique voluptatum ea sit quidem. Aut ea eaque consectetur necessitatibus quae aut. Deserunt tempore molestias dolorum vel ea quisquam doloribus quos. Sequi nemo animi est qui adipisci sit sed.', 932, 2, 13, '2018-03-12 19:18:57', '2018-03-12 19:18:57'),
(235, 'rerum', 'Non natus et repellat dignissimos. Dignissimos dolorem dignissimos eveniet quia. Ullam dolor molestiae aut ut. Accusamus ducimus non est amet maiores eum est.', 699, 4, 12, '2018-03-12 19:18:57', '2018-03-12 19:18:57'),
(236, 'praesentium', 'Ut possimus autem nemo sapiente. Sint pariatur architecto aspernatur ipsam sunt distinctio. Recusandae sit ab velit voluptas odit sunt non. Alias quasi velit ut. Perferendis error qui asperiores sunt esse rem.', 819, 4, 28, '2018-03-12 19:18:57', '2018-03-12 19:18:57'),
(237, 'ea', 'Quia veniam omnis recusandae repellat qui aut. Eligendi tenetur quos quia.', 635, 9, 19, '2018-03-12 19:18:57', '2018-03-12 19:18:57'),
(238, 'sapiente', 'Rerum velit dolorum ratione debitis temporibus. Maiores maxime numquam fugit aspernatur repellendus autem dolor sunt. Accusantium excepturi ea ad vero quas nemo deserunt aut. Maxime consequatur error esse qui sit non.', 824, 9, 21, '2018-03-12 19:18:57', '2018-03-12 19:18:57'),
(239, 'aut', 'Possimus inventore et debitis velit qui rem. Eligendi hic qui perferendis temporibus. Sint temporibus quam reiciendis esse. At ullam aut explicabo dolores esse alias dolor.', 144, 5, 22, '2018-03-12 19:18:57', '2018-03-12 19:18:57'),
(240, 'autem', 'Perferendis perspiciatis iste est inventore iure debitis omnis. Expedita vitae possimus et. Officia consequatur accusamus quaerat magnam sit quaerat. Provident rerum sint autem eos expedita.', 488, 1, 14, '2018-03-12 19:18:57', '2018-03-12 19:18:57'),
(241, 'vel', 'Voluptas quia officiis occaecati magnam. Illo aspernatur nesciunt sunt doloremque repellat quas quae. Est quo doloribus qui deleniti. Culpa vero delectus iste odit.', 564, 2, 30, '2018-03-12 19:18:57', '2018-03-12 19:18:57'),
(242, 'voluptatem', 'Nihil cum pariatur similique error porro odio dolores. Error rem minima autem rem at vero. Quidem natus et ratione ea optio. Hic sit ut sed.', 145, 8, 27, '2018-03-12 19:18:57', '2018-03-12 19:18:57'),
(243, 'dolores', 'Sapiente doloremque quisquam totam voluptatibus. Aspernatur molestias reiciendis omnis sed. Dolor repellat esse excepturi.', 852, 3, 18, '2018-03-12 19:18:57', '2018-03-12 19:18:57'),
(244, 'laudantium', 'Fuga consectetur possimus quo nobis. Occaecati vero totam enim sit. Laudantium voluptas et incidunt vel. Sunt expedita exercitationem eius.', 707, 7, 20, '2018-03-12 19:18:57', '2018-03-12 19:18:57'),
(245, 'perspiciatis', 'Fuga vel qui repellat. In modi cumque asperiores est aliquid quo. A ipsa nostrum qui mollitia non. Explicabo voluptatibus et voluptatibus velit.', 812, 0, 29, '2018-03-12 19:18:57', '2018-03-12 19:18:57'),
(246, 'qui', 'Sit debitis eum quam aspernatur provident. Possimus quia eum sed accusantium perspiciatis vero. Quis nam sit voluptatum reprehenderit sit ut iste dignissimos. Voluptas impedit voluptas assumenda.', 481, 3, 25, '2018-03-12 19:18:57', '2018-03-12 19:18:57'),
(247, 'quae', 'Quaerat maiores ut voluptatem nesciunt qui. Dolorem excepturi excepturi quisquam voluptatem vero. Tempora unde qui debitis est.', 219, 8, 11, '2018-03-12 19:18:57', '2018-03-12 19:18:57'),
(248, 'architecto', 'Esse assumenda sed excepturi eligendi illo. Dolore unde illo qui qui. Et fugiat dolores facilis distinctio aut. Voluptas voluptatem facere omnis fugiat aperiam at.', 289, 7, 3, '2018-03-12 19:18:57', '2018-03-12 19:18:57'),
(249, 'consequatur', 'Sed id doloribus ut fugit et aut aut. Incidunt eveniet harum qui est sint velit. Minus est odio quos quidem. Facilis ullam facilis in sint vitae dolor in. Nemo labore nobis ad sit iste ut ut.', 622, 8, 8, '2018-03-12 19:18:57', '2018-03-12 19:18:57'),
(250, 'corporis', 'Eum sed voluptatem vel nobis sit. Veritatis explicabo at qui ut. Consequatur et nostrum minima est sit nisi maiores. Animi a aperiam a aut minus in.', 368, 1, 14, '2018-03-12 19:18:57', '2018-03-12 19:18:57');

-- --------------------------------------------------------

--
-- Estructura de tabla para la tabla `reviews`
--

CREATE TABLE `reviews` (
  `id` int(10) UNSIGNED NOT NULL,
  `product_id` int(10) UNSIGNED NOT NULL,
  `customer` varchar(191) COLLATE utf8mb4_unicode_ci NOT NULL,
  `review` text COLLATE utf8mb4_unicode_ci NOT NULL,
  `star` int(11) NOT NULL,
  `created_at` timestamp NULL DEFAULT NULL,
  `updated_at` timestamp NULL DEFAULT NULL
) ENGINE=InnoDB DEFAULT CHARSET=utf8mb4 COLLATE=utf8mb4_unicode_ci;

--
-- Volcado de datos para la tabla `reviews`
--

INSERT INTO `reviews` (`id`, `product_id`, `customer`, `review`, `star`, `created_at`, `updated_at`) VALUES
(1, 76, 'Juvenal Robel I', 'Est et quia aperiam et magnam sit dolores. Velit et laborum ducimus est. Et aut deleniti dolorum sint vitae.', 4, '2018-03-12 19:18:58', '2018-03-12 19:18:58'),
(2, 81, 'Otho Bahringer', 'Consequatur accusamus quia non magni. Et autem quia eveniet quo cum. Non voluptates exercitationem odit ipsa.', 0, '2018-03-12 19:18:58', '2018-03-12 19:18:58'),
(3, 117, 'Tobin Sauer DVM', 'Magnam odio ut et labore ea natus. Voluptas debitis dolor et deleniti est assumenda. Enim et molestiae tempora quia pariatur quia distinctio. Ducimus magnam delectus velit. Voluptatum laudantium earum aut aut.', 4, '2018-03-12 19:18:58', '2018-03-12 19:18:58'),
(4, 76, 'Vicky Kutch', 'Eaque officia maiores vero accusantium quo. Quas dolor et pariatur perspiciatis qui. Laborum veritatis nisi vitae voluptates consequatur alias voluptatibus.', 1, '2018-03-12 19:18:58', '2018-03-12 19:18:58'),
(5, 74, 'Josefina Marquardt', 'Sapiente pariatur dolore explicabo voluptatem alias. Laudantium ea laudantium voluptas sequi.', 2, '2018-03-12 19:18:58', '2018-03-12 19:18:58'),
(6, 221, 'Humberto Hickle', 'Voluptates aliquam repellendus illum mollitia illum. Quia iure aut praesentium libero. Aut magnam debitis quia dolorem nobis placeat.', 2, '2018-03-12 19:18:58', '2018-03-12 19:18:58'),
(7, 120, 'Zackery Schoen', 'Quia adipisci numquam delectus iure provident perferendis animi. Officia et doloremque accusantium consequatur adipisci aut possimus. Harum a quis labore omnis saepe velit.', 1, '2018-03-12 19:18:58', '2018-03-12 19:18:58'),
(8, 186, 'Miss Kaylie Ryan I', 'Quae quae et ut officiis voluptas ipsam. Illum et vero odit laudantium. Reiciendis quia magni aut dolorem. Dolorum ut minus placeat dolores incidunt eius. Pariatur quis excepturi ut quo aut qui ipsam.', 5, '2018-03-12 19:18:58', '2018-03-12 19:18:58'),
(9, 191, 'Kira Rodriguez', 'Distinctio amet quaerat aut in nisi. Mollitia dolore labore ut expedita tempore. Neque exercitationem itaque consequuntur repellat sequi asperiores.', 2, '2018-03-12 19:18:58', '2018-03-12 19:18:58'),
(10, 193, 'Mrs. Marcelle Walsh', 'Accusantium incidunt maiores quia sunt. A in ut qui repellat tenetur blanditiis aut. Accusantium iusto quis rerum veritatis aut facilis nulla ut.', 2, '2018-03-12 19:18:58', '2018-03-12 19:18:58'),
(11, 44, 'Leonardo Doyle', 'Qui a cumque possimus. Facere placeat quia at quo. Cum non rerum consequuntur sint tempora perferendis.', 4, '2018-03-12 19:18:58', '2018-03-12 19:18:58'),
(12, 6, 'Dameon Howe', 'Fuga est culpa blanditiis in et vitae. Ducimus odit tempore qui sunt. Vel doloribus est quo.', 5, '2018-03-12 19:18:58', '2018-03-12 19:18:58'),
(13, 190, 'Rollin Bartell', 'Sint neque eveniet odio aut quis saepe aspernatur. Aperiam deleniti sed assumenda eaque. Aut quis corporis et ut similique. Repellat et voluptates quod autem aut laudantium.', 2, '2018-03-12 19:18:58', '2018-03-12 19:18:58'),
(14, 10, 'Josiah Olson', 'Consequatur nisi blanditiis esse. Corporis consequatur qui rerum quo similique rerum. Corrupti quisquam eos at culpa in.', 1, '2018-03-12 19:18:58', '2018-03-12 19:18:58'),
(15, 112, 'Ms. Cortney Wilkinson II', 'Velit facere ut aut nihil dolorem officiis placeat. Odit iusto et quia labore. Iure saepe enim doloremque ut voluptatem modi facere. Non ut consectetur sed veniam recusandae est voluptate. Voluptas fuga dolor est occaecati.', 0, '2018-03-12 19:18:58', '2018-03-12 19:18:58'),
(16, 183, 'Laurence Volkman', 'Maiores eligendi eum id porro deserunt. Repudiandae sit labore dolorem ad ex suscipit.', 3, '2018-03-12 19:18:58', '2018-03-12 19:18:58'),
(17, 178, 'Mr. Hal Pfannerstill', 'Et veniam quasi et est et. Et tempora voluptates minus officia consequatur sint. Similique accusamus velit ut porro.', 1, '2018-03-12 19:18:58', '2018-03-12 19:18:58'),
(18, 141, 'Ryann Ritchie', 'Numquam quae ab numquam qui rem omnis ut aliquam. Quam enim quia alias possimus est architecto. Iure illo aut cupiditate eveniet amet accusamus. Consequatur occaecati et totam qui nihil.', 5, '2018-03-12 19:18:58', '2018-03-12 19:18:58'),
(19, 185, 'Vivien Terry', 'Et dolorem voluptatem accusamus excepturi soluta temporibus aspernatur. Atque vitae quisquam eum sequi. Vitae possimus asperiores ipsum et id ad odio voluptates. Ea deserunt eos labore cupiditate voluptas ut.', 0, '2018-03-12 19:18:58', '2018-03-12 19:18:58'),
(20, 109, 'Kirstin Homenick', 'Voluptatem aliquid perspiciatis eius amet. Illum rerum quo aperiam libero. Consequatur nihil facere autem maiores.', 0, '2018-03-12 19:18:58', '2018-03-12 19:18:58'),
(21, 51, 'Mr. Oda Wintheiser', 'Temporibus qui in blanditiis ut dolores occaecati laboriosam non. Illum vel suscipit necessitatibus ab dolor repellendus.', 1, '2018-03-12 19:18:58', '2018-03-12 19:18:58'),
(22, 246, 'Prof. Abdul Cormier', 'Ut pariatur enim vel et eos. Non explicabo qui et quo molestias et. Odio quam sed aut ipsam est deserunt.', 0, '2018-03-12 19:18:58', '2018-03-12 19:18:58'),
(23, 36, 'Tristin Collins IV', 'Expedita praesentium ut voluptatem. Ut quia repudiandae debitis sit. Sit hic quisquam necessitatibus qui quisquam laborum. Quaerat unde esse culpa ut excepturi temporibus non.', 4, '2018-03-12 19:18:58', '2018-03-12 19:18:58'),
(24, 141, 'Phyllis Huels', 'Dicta iste quaerat in iste facilis et odit. Et similique ducimus explicabo unde velit possimus nobis. Explicabo cupiditate sit qui amet ullam. Provident iure debitis non non nostrum nesciunt quis.', 2, '2018-03-12 19:18:58', '2018-03-12 19:18:58'),
(25, 230, 'Mrs. Julianne Bartell V', 'Assumenda omnis et molestias voluptatem voluptas omnis dolor dolores. Voluptas fugit ut molestiae mollitia quis. Quo minus eius reiciendis similique optio quidem aut.', 2, '2018-03-12 19:18:58', '2018-03-12 19:18:58'),
(26, 146, 'Mr. Sage Kihn', 'Aperiam sequi ipsum ipsa amet. Voluptatem atque rerum veritatis accusantium impedit consequatur. Et facere totam sint officia beatae error culpa neque. Magnam aliquid ex ad qui est nostrum et.', 3, '2018-03-12 19:18:58', '2018-03-12 19:18:58'),
(27, 227, 'Wilford Crist', 'Quas omnis earum assumenda itaque qui nulla labore. Sequi dolorum et qui vitae quam ut aut. Reprehenderit qui et dolor eum optio illo est mollitia.', 3, '2018-03-12 19:18:58', '2018-03-12 19:18:58'),
(28, 61, 'Dr. Diamond Schowalter', 'Excepturi animi nostrum fugiat possimus fugiat. Maiores excepturi iusto quam consequatur. Eveniet et atque fugiat.', 0, '2018-03-12 19:18:58', '2018-03-12 19:18:58'),
(29, 244, 'Mr. Chaim Gleichner PhD', 'Aut id atque incidunt minus dolore quia labore. At nemo aut est dolor voluptas modi. Eius ab voluptate rerum odio. Tenetur id odit praesentium sit.', 2, '2018-03-12 19:18:58', '2018-03-12 19:18:58'),
(30, 93, 'Prof. Melba Jacobs', 'Harum quasi nobis ut quia repellat. Recusandae commodi eos excepturi iusto omnis omnis aspernatur.', 2, '2018-03-12 19:18:58', '2018-03-12 19:18:58'),
(31, 39, 'Nels Stracke', 'Quidem unde non repellendus vitae rerum pariatur. Voluptate quaerat consequatur itaque optio porro saepe nulla. Libero qui numquam minus illo. Nobis harum voluptatibus dolore enim.', 4, '2018-03-12 19:18:58', '2018-03-12 19:18:58'),
(32, 45, 'Mrs. Vicky Cronin', 'Quae ex provident et blanditiis. Vel eaque dolor qui asperiores. Consectetur natus et sunt dolor sit. Eaque blanditiis quia nihil omnis necessitatibus placeat quia.', 4, '2018-03-12 19:18:58', '2018-03-12 19:18:58'),
(33, 95, 'Ernestina Abernathy Sr.', 'Consequuntur debitis porro optio commodi natus. Nesciunt amet ut inventore. Velit exercitationem necessitatibus autem commodi est vitae eveniet. Asperiores eum nisi eum.', 3, '2018-03-12 19:18:58', '2018-03-12 19:18:58'),
(34, 73, 'Yvonne Deckow', 'Dignissimos debitis beatae sunt qui. Magni perferendis eveniet ut quos quod. Dolorum officiis aut aut tenetur molestiae temporibus ducimus.', 4, '2018-03-12 19:18:58', '2018-03-12 19:18:58'),
(35, 47, 'Donna Greenfelder DVM', 'Nihil sit quia dolorem voluptas et voluptatem sit. Sunt quia est est et et inventore. Consequatur ut doloribus et facere. Voluptatem in fuga quo accusamus enim placeat.', 1, '2018-03-12 19:18:58', '2018-03-12 19:18:58'),
(36, 115, 'Hipolito Carter MD', 'Quis aut aut vitae perferendis aliquam in. Asperiores odio soluta quos officiis maiores. Iusto ea minima eos facere tenetur non optio.', 5, '2018-03-12 19:18:58', '2018-03-12 19:18:58'),
(37, 17, 'Michale Schaefer', 'Repellat aspernatur et quae aperiam necessitatibus et ea voluptatem. Dolores minus aut enim assumenda error iure esse. Ipsum sit voluptatem explicabo.', 5, '2018-03-12 19:18:58', '2018-03-12 19:18:58'),
(38, 74, 'Kaden Morar', 'Perspiciatis vero aut qui officia magnam tempore magni. Consequuntur quod ducimus in reprehenderit praesentium fugit odit animi. Natus nemo sit dolorem sapiente libero. Cupiditate est tempore voluptates consequatur sed est. Delectus est doloremque vero dolor.', 0, '2018-03-12 19:18:58', '2018-03-12 19:18:58'),
(39, 180, 'Edd Lynch', 'Nobis deserunt itaque a voluptate eos ut. Quibusdam labore sequi adipisci nostrum id non et. Minus maiores ducimus qui. Vel et distinctio ut amet voluptates enim accusantium aliquam.', 4, '2018-03-12 19:18:58', '2018-03-12 19:18:58'),
(40, 234, 'Liam West', 'Quas ea esse ullam est. Sapiente qui et repellat fugiat. Nobis molestias nulla libero.', 5, '2018-03-12 19:18:58', '2018-03-12 19:18:58'),
(41, 84, 'Jadyn Kris', 'Neque at facere maxime velit enim ut. Sunt et non facere ipsa et.', 2, '2018-03-12 19:18:58', '2018-03-12 19:18:58'),
(42, 121, 'Taylor Stark', 'Aut consectetur neque illo quam ducimus consequuntur. Illo accusamus dolorem at temporibus at earum debitis. Est aut atque molestiae dolores itaque debitis.', 3, '2018-03-12 19:18:58', '2018-03-12 19:18:58'),
(43, 93, 'Dannie Dach', 'Et pariatur doloribus fugiat et sapiente non aut. Et ut officia reiciendis esse rerum. Soluta consequatur error et molestias porro. Explicabo debitis vel blanditiis ea.', 4, '2018-03-12 19:18:58', '2018-03-12 19:18:58'),
(44, 61, 'Dr. Ryley Bradtke MD', 'Officia nobis porro dolorum iste ut. Qui modi repudiandae aut delectus enim debitis.', 0, '2018-03-12 19:18:58', '2018-03-12 19:18:58'),
(45, 138, 'Antonetta Schinner', 'Fugiat et delectus sed. Quis eveniet totam commodi officiis velit. Omnis et voluptatem dolore quo dolorem. Voluptatem ratione omnis ipsum autem minima.', 4, '2018-03-12 19:18:58', '2018-03-12 19:18:58'),
(46, 103, 'Miss Reina Labadie PhD', 'Atque qui tenetur ab qui rerum vel. Sit accusamus dolorem fugit sunt. Provident optio et suscipit incidunt modi expedita beatae. Omnis ullam molestiae earum perferendis molestiae dicta assumenda. Omnis fugit dolores reprehenderit a assumenda dolor.', 0, '2018-03-12 19:18:58', '2018-03-12 19:18:58'),
(47, 25, 'Winifred Bartoletti', 'Consectetur sequi minima laudantium maxime sint reiciendis. Recusandae accusamus ullam sit quis. Ducimus asperiores recusandae eveniet dignissimos adipisci. Ipsam ea reiciendis sint omnis.', 1, '2018-03-12 19:18:58', '2018-03-12 19:18:58'),
(48, 211, 'Cheyanne Cartwright II', 'In explicabo doloribus fugiat ratione est reprehenderit. Assumenda est laudantium est cupiditate molestias. Alias blanditiis sed et et fuga.', 1, '2018-03-12 19:18:58', '2018-03-12 19:18:58'),
(49, 119, 'Dr. Kali Kuvalis', 'Porro illum aliquam et et voluptatum corrupti unde ut. Quam est blanditiis asperiores optio veritatis numquam cumque consequatur. Quidem commodi quia possimus veritatis eos asperiores molestias.', 1, '2018-03-12 19:18:58', '2018-03-12 19:18:58'),
(50, 49, 'Joana Beahan', 'Omnis tempora sunt ut ut odio aliquam corporis. Molestiae corrupti et distinctio harum. Dolorem suscipit eveniet molestias distinctio est minima culpa. Quia nam optio incidunt dolorem sunt.', 5, '2018-03-12 19:18:58', '2018-03-12 19:18:58'),
(51, 192, 'Lexi Lang', 'Dicta autem voluptatem eum provident eos. Quis quis et sed ipsa dolorem molestiae. Nisi odio et et voluptas ullam dignissimos id.', 3, '2018-03-12 19:18:58', '2018-03-12 19:18:58'),
(52, 24, 'Abel Lehner', 'Quae iste sed recusandae iusto ea. Possimus ipsam ut unde aliquam officia. Nihil dicta fugit harum facilis sed.', 5, '2018-03-12 19:18:58', '2018-03-12 19:18:58'),
(53, 151, 'Terrence Crist', 'Iste repellat minus minus a fugiat libero est. Labore praesentium et dolorem fugiat culpa vel eveniet ratione. Et distinctio ut odio doloribus. Accusantium qui nostrum molestias beatae.', 3, '2018-03-12 19:18:58', '2018-03-12 19:18:58'),
(54, 33, 'Aida Wisoky Sr.', 'Et quod optio est. Vitae sed esse qui et reiciendis nihil. Odio sit ea illum ullam eaque nostrum doloremque.', 4, '2018-03-12 19:18:58', '2018-03-12 19:18:58'),
(55, 139, 'Clemmie Buckridge', 'Cum minus voluptate et deserunt amet soluta maxime. Corrupti eveniet cupiditate aut laboriosam nihil sit rerum autem.', 1, '2018-03-12 19:18:58', '2018-03-12 19:18:58'),
(56, 157, 'Mustafa Rath', 'Corporis magni voluptatem in vel eum necessitatibus. Dolores nostrum rerum dolore repudiandae quis.', 3, '2018-03-12 19:18:58', '2018-03-12 19:18:58'),
(57, 147, 'Khalid Pfeffer', 'Voluptas minima reprehenderit voluptatem earum totam veniam quo. Magnam consequuntur omnis reiciendis et. Quisquam ea blanditiis natus perferendis at a. Est perferendis occaecati repellendus aut ab sint architecto.', 4, '2018-03-12 19:18:58', '2018-03-12 19:18:58'),
(58, 221, 'Prof. Merritt Prosacco IV', 'Voluptas sed et dolorem illum aliquid autem amet. Atque fugiat sunt ex et eligendi distinctio distinctio. Repellendus corporis odio sequi laudantium.', 5, '2018-03-12 19:18:58', '2018-03-12 19:18:58'),
(59, 172, 'Dominique Jacobson', 'Et corporis ut qui accusamus rerum. Autem accusamus rem iste excepturi quod quo. Officia necessitatibus totam labore modi. Labore et consectetur consequatur hic quasi quis. Ullam harum aut vitae et.', 5, '2018-03-12 19:18:58', '2018-03-12 19:18:58'),
(60, 175, 'Jewel Kerluke', 'Quia non earum facere accusamus. Quidem natus perspiciatis consequatur magnam eos illo. Nemo nostrum dolorem aliquam odit sequi quibusdam est.', 5, '2018-03-12 19:18:58', '2018-03-12 19:18:58'),
(61, 73, 'Mr. Enrico Marks', 'Tenetur quod laborum rem libero tempora. Eaque asperiores ut aliquid sint. Eum ea culpa pariatur deserunt tenetur explicabo voluptas aut.', 5, '2018-03-12 19:18:58', '2018-03-12 19:18:58'),
(62, 87, 'Mary Lynch', 'Unde aut ipsam corrupti quo repellendus exercitationem pariatur in. Nulla qui nobis fuga ea doloribus omnis ea. Expedita omnis accusamus tenetur ut. Vel eligendi natus asperiores quibusdam in assumenda quos.', 2, '2018-03-12 19:18:58', '2018-03-12 19:18:58'),
(63, 120, 'Ozella Dach DDS', 'Et quas veritatis ut quasi est totam. Vel deleniti id accusantium accusantium nihil. Quos quos dignissimos tenetur veniam odio.', 2, '2018-03-12 19:18:58', '2018-03-12 19:18:58'),
(64, 150, 'Charlotte Kemmer II', 'Dolores est dolorem perspiciatis. Velit maxime rerum rerum sit impedit dolorem. Libero expedita ut eos. Dolorum sapiente et similique ratione placeat omnis.', 4, '2018-03-12 19:18:58', '2018-03-12 19:18:58'),
(65, 108, 'Weldon Howe', 'Sequi quidem illum et possimus beatae consectetur. Et veniam consequatur doloremque rerum. Alias beatae magnam ut a cumque.', 4, '2018-03-12 19:18:58', '2018-03-12 19:18:58'),
(66, 77, 'Prof. Rasheed Beatty III', 'Eligendi expedita maxime maxime officia qui. Consequatur et et expedita esse recusandae corporis ea. Aspernatur aut blanditiis repellendus est. Aliquid sint natus velit.', 4, '2018-03-12 19:18:58', '2018-03-12 19:18:58'),
(67, 199, 'Mertie Krajcik', 'Accusamus maiores quidem et animi voluptas maxime. Ad et aut accusamus. Iste eum et deleniti quaerat. Autem rerum quibusdam et natus. Tempora voluptatibus aspernatur cumque cumque ex possimus.', 5, '2018-03-12 19:18:58', '2018-03-12 19:18:58'),
(68, 68, 'Kaylin Yundt I', 'Qui quis animi et ut numquam laborum. Aut non minima alias non accusamus illum. Nihil incidunt atque ullam soluta.', 0, '2018-03-12 19:18:58', '2018-03-12 19:18:58'),
(69, 146, 'Dr. Wellington Cormier DDS', 'Nostrum voluptate provident quos illum architecto. Consequatur quis iusto totam eum tempora provident sed.', 5, '2018-03-12 19:18:58', '2018-03-12 19:18:58'),
(70, 175, 'Theresa Cartwright', 'Animi tempore adipisci maxime voluptatibus. Quidem laudantium quaerat occaecati corrupti doloribus dolore tempore. Incidunt consequatur qui tempora repudiandae.', 0, '2018-03-12 19:18:58', '2018-03-12 19:18:58'),
(71, 84, 'Lucienne Heidenreich DDS', 'Impedit non voluptatum soluta delectus et amet molestiae. Aut ut earum voluptatem voluptatem dolores eligendi. Et tenetur illo fuga commodi. Aperiam molestiae occaecati ad cupiditate aut commodi est.', 2, '2018-03-12 19:18:58', '2018-03-12 19:18:58'),
(72, 109, 'Evert Terry', 'Quidem vero aut omnis vero illum qui. Et quo accusamus sint.', 5, '2018-03-12 19:18:58', '2018-03-12 19:18:58'),
(73, 232, 'Harmon Ruecker', 'Id repellat blanditiis et qui enim eos. Sed quaerat corrupti aliquid dolorum.', 1, '2018-03-12 19:18:58', '2018-03-12 19:18:58'),
(74, 195, 'Ms. Zoila Denesik PhD', 'In aut voluptatibus repudiandae ullam reprehenderit sit. Quia est cum consectetur soluta iste et ut occaecati. Necessitatibus quisquam repellendus dolorem ab aspernatur repudiandae.', 2, '2018-03-12 19:18:58', '2018-03-12 19:18:58'),
(75, 140, 'Ofelia Lemke II', 'Aliquam reiciendis id blanditiis aut quis aliquam. Voluptatem dolorum et quisquam repellendus consequatur.', 4, '2018-03-12 19:18:58', '2018-03-12 19:18:58'),
(76, 152, 'Hazle Kerluke', 'Deserunt natus qui modi corporis et quo voluptatibus. Et laboriosam quo officia dolorem quia autem. Pariatur tenetur quos natus sed fuga at. Optio quos repellendus a similique sed qui quasi non.', 2, '2018-03-12 19:18:58', '2018-03-12 19:18:58'),
(77, 57, 'Lysanne Barton', 'Voluptatibus totam tempora quaerat quis quos quia. Et sapiente soluta asperiores veritatis illum veniam. Tempora sapiente ut modi. Nulla eum et tempore incidunt quia aut nemo harum.', 5, '2018-03-12 19:18:58', '2018-03-12 19:18:58'),
(78, 216, 'Prof. Kameron Bins II', 'Consequatur error nulla laborum. Aperiam hic corrupti repudiandae quia occaecati veniam. Quidem voluptate voluptas asperiores.', 1, '2018-03-12 19:18:58', '2018-03-12 19:18:58'),
(79, 173, 'Dr. Kelsi Nikolaus', 'Aut neque ea itaque architecto. Voluptatem voluptatem minima autem perferendis illo non. Necessitatibus dolores ut expedita voluptas sit rerum distinctio. Rerum dolore inventore repudiandae nam consequatur.', 2, '2018-03-12 19:18:58', '2018-03-12 19:18:58'),
(80, 114, 'Miss Jenifer Borer DDS', 'Qui et enim tempore nam consectetur deleniti sed. Voluptatibus porro similique dolorum vel aliquam voluptatem. Ipsa est est ut atque qui.', 1, '2018-03-12 19:18:58', '2018-03-12 19:18:58'),
(81, 214, 'Gerson Abbott', 'Rerum sunt suscipit in sed. Dignissimos ullam voluptas atque facilis ullam at. Et error consectetur qui harum.', 4, '2018-03-12 19:18:58', '2018-03-12 19:18:58'),
(82, 150, 'Alexandria Lebsack', 'Enim est velit quod sed numquam eveniet. Sit rerum quo commodi voluptatibus veniam quisquam. Perspiciatis magnam repellat laborum ab.', 1, '2018-03-12 19:18:58', '2018-03-12 19:18:58'),
(83, 242, 'Stan Ryan', 'Et beatae debitis atque. Qui omnis perspiciatis aut adipisci sed distinctio esse. Deleniti qui nihil necessitatibus est ea porro omnis. Quaerat enim eaque sed et molestiae.', 2, '2018-03-12 19:18:58', '2018-03-12 19:18:58'),
(84, 186, 'Carli Stehr', 'Voluptas quia possimus ducimus sunt asperiores qui pariatur. Molestiae modi earum soluta ut accusamus qui numquam placeat. Qui voluptatem atque quo cum nihil est. Sed reiciendis consectetur quo qui voluptatem.', 3, '2018-03-12 19:18:58', '2018-03-12 19:18:58'),
(85, 225, 'Clarissa Kshlerin III', 'Consequatur provident culpa in. Id reprehenderit est saepe magni.', 2, '2018-03-12 19:18:58', '2018-03-12 19:18:58'),
(86, 68, 'Dr. Yvette Brakus DVM', 'In non laudantium ex est et. Veniam esse et doloremque quasi aperiam. Quaerat rem maiores recusandae culpa enim. Doloremque minima excepturi mollitia excepturi ipsum.', 5, '2018-03-12 19:18:58', '2018-03-12 19:18:58'),
(87, 218, 'Faustino Lang', 'Consequuntur eveniet quia sed pariatur. Officia cumque reprehenderit sunt et asperiores. Consequuntur facere libero consequatur quam qui. Magni fugiat non quidem nesciunt. Assumenda et est nesciunt ex inventore saepe enim.', 3, '2018-03-12 19:18:58', '2018-03-12 19:18:58'),
(88, 166, 'Evelyn Thompson DVM', 'Et sit laudantium adipisci necessitatibus sequi dolorum temporibus. Fuga consequatur quos ut non fuga qui. Unde accusantium vero voluptas cupiditate. Eligendi quia sit maiores rerum voluptates ad voluptas.', 2, '2018-03-12 19:18:58', '2018-03-12 19:18:58'),
(89, 30, 'Torey Friesen MD', 'Sint ipsum sed facere provident ex praesentium velit. Corporis aut magni ut hic voluptate quisquam vel asperiores. Rerum cupiditate repellendus a voluptas.', 2, '2018-03-12 19:18:58', '2018-03-12 19:18:58'),
(90, 80, 'Lelia Hammes Jr.', 'Eum labore repellat accusantium quaerat cupiditate. Sit aut cum aut. Aut cupiditate voluptatem ut adipisci maxime pariatur dolorum. Culpa laborum explicabo cum repudiandae sed deleniti.', 4, '2018-03-12 19:18:58', '2018-03-12 19:18:58'),
(91, 237, 'Bethany Ernser MD', 'Cumque ut inventore quia doloremque facere. Voluptas distinctio illum et dignissimos dolorem harum. Tempora officia fugiat nam odio consectetur. Incidunt reiciendis expedita sit laudantium aut minima in.', 5, '2018-03-12 19:18:58', '2018-03-12 19:18:58'),
(92, 240, 'Raphaelle Padberg', 'Reiciendis similique est itaque voluptates est est. Itaque doloremque facere a eum unde expedita nemo. Nesciunt cumque nam atque.', 4, '2018-03-12 19:18:58', '2018-03-12 19:18:58'),
(93, 204, 'Ransom Sporer', 'Eveniet qui qui repellendus maiores. Laudantium ipsam nostrum voluptas.', 3, '2018-03-12 19:18:58', '2018-03-12 19:18:58'),
(94, 175, 'Mrs. Lacy Mante DVM', 'Quo ut id accusantium iure dolores quis id sit. Perferendis id consequuntur libero. Excepturi laudantium in sunt omnis architecto.', 4, '2018-03-12 19:18:58', '2018-03-12 19:18:58'),
(95, 174, 'Teresa Schuppe', 'Cumque totam non autem et quidem ad ipsam. Aut magnam ut qui aut quas quidem. Quia et odio rerum ipsa. Mollitia ut in non fuga accusantium.', 3, '2018-03-12 19:18:58', '2018-03-12 19:18:58'),
(96, 109, 'Prof. Samara Lowe', 'Possimus repellat vitae necessitatibus placeat vel. Aut ea similique rerum totam. Nihil beatae quo quo quia consectetur et.', 5, '2018-03-12 19:18:58', '2018-03-12 19:18:58'),
(97, 111, 'Deion Bailey', 'Ipsam quis dolorem soluta temporibus dolores perspiciatis. Ut dolorem est autem saepe quo soluta. Nulla ipsam aspernatur non reprehenderit consequuntur maxime omnis.', 0, '2018-03-12 19:18:58', '2018-03-12 19:18:58'),
(98, 250, 'Domenic Kunde', 'Quis vero id asperiores repellendus quia et sapiente. Aut rem consequatur magnam nihil est explicabo. Quae voluptates aut ducimus rem laborum. Quia est quis ipsum natus quae consequuntur voluptatem commodi.', 3, '2018-03-12 19:18:58', '2018-03-12 19:18:58'),
(99, 27, 'Donavon Jacobson', 'Consequatur architecto impedit eum ut. Quaerat sit aspernatur molestiae aut ut neque voluptatibus. Pariatur est et odit dignissimos temporibus.', 1, '2018-03-12 19:18:58', '2018-03-12 19:18:58'),
(100, 41, 'Hollis Sanford DVM', 'Quidem sit quis ipsa natus cum. Repellendus corrupti inventore ducimus. Asperiores illo accusantium voluptatibus similique non sunt ad aut.', 0, '2018-03-12 19:18:58', '2018-03-12 19:18:58'),
(101, 100, 'Lora Leffler Sr.', 'Quia quod quis beatae. Necessitatibus illum omnis aperiam labore ipsa quos. Dolorem quos placeat cum qui maxime.', 1, '2018-03-12 19:18:58', '2018-03-12 19:18:58'),
(102, 41, 'Meagan Shields', 'Eius doloremque repudiandae voluptas amet consectetur. Sapiente nobis praesentium ut est commodi mollitia. Cupiditate est voluptates aliquid reprehenderit expedita reiciendis. Non quia consequuntur quasi ducimus.', 5, '2018-03-12 19:18:58', '2018-03-12 19:18:58'),
(103, 239, 'Ms. Zoe Boyle', 'Repudiandae ea alias nam possimus repellat in. Est est perferendis porro sunt. Quo suscipit quasi consectetur error impedit a.', 2, '2018-03-12 19:18:58', '2018-03-12 19:18:58'),
(104, 21, 'Hettie Skiles', 'Voluptas temporibus odio reiciendis est voluptas repudiandae. Placeat amet nostrum nesciunt. Et quas molestias nam. Laboriosam exercitationem sed repudiandae minima ipsam possimus.', 0, '2018-03-12 19:18:58', '2018-03-12 19:18:58'),
(105, 210, 'Prof. Kevin Hayes DVM', 'Error beatae quis qui sunt. Non fugiat dolor recusandae modi eos repellendus. Sit fugit non perferendis quis.', 5, '2018-03-12 19:18:58', '2018-03-12 19:18:58'),
(106, 223, 'Jerad Schmitt II', 'Doloremque eligendi dicta asperiores temporibus ducimus. Delectus asperiores consequatur molestiae sapiente excepturi amet. Provident eum et qui ipsum. Ullam autem magni voluptatem autem reiciendis facilis aperiam.', 4, '2018-03-12 19:18:58', '2018-03-12 19:18:58'),
(107, 169, 'Adeline Mueller', 'Itaque officiis voluptas saepe voluptate deserunt aut sapiente nihil. Laudantium est fugiat placeat exercitationem veritatis sed voluptatem. Totam nesciunt modi veniam. Exercitationem dolorem deserunt et quam tempore.', 4, '2018-03-12 19:18:58', '2018-03-12 19:18:58'),
(108, 8, 'Mr. Jerrod O\'Keefe', 'Quia commodi et velit. Sed quidem nihil sequi molestiae eligendi qui omnis. Possimus dolores assumenda placeat consequatur praesentium id non a. Aliquid quas quia sint dolorum voluptate ea.', 0, '2018-03-12 19:18:58', '2018-03-12 19:18:58'),
(109, 75, 'Gianni Bosco', 'Praesentium molestiae blanditiis magni ut velit quis facere. Officia nemo mollitia illum incidunt. Aut ut vitae reprehenderit voluptatem et.', 4, '2018-03-12 19:18:58', '2018-03-12 19:18:58'),
(110, 231, 'Dale Senger Sr.', 'Voluptate labore eveniet fugit sit molestiae aliquid. Qui inventore sit porro sunt aliquam aut in. Dicta quia nam facilis facere recusandae totam aspernatur. Dolorem nemo laboriosam exercitationem in saepe.', 4, '2018-03-12 19:18:58', '2018-03-12 19:18:58'),
(111, 178, 'Violette Satterfield', 'Sit rerum consequatur sit id molestiae aut. Qui qui in distinctio recusandae quibusdam illum incidunt. Rem labore est sint eveniet nobis mollitia. Quia numquam dolor neque rerum earum laboriosam et.', 2, '2018-03-12 19:18:58', '2018-03-12 19:18:58'),
(112, 69, 'Reed Roob', 'Quo modi sint atque impedit. Dolores illo aut odio velit. Qui aut esse mollitia porro sit in quis.', 2, '2018-03-12 19:18:58', '2018-03-12 19:18:58'),
(113, 69, 'Amelia Hansen', 'Iusto labore doloribus rerum non. Provident quibusdam mollitia nemo iure dolores odio. Harum consequuntur earum non ipsum sit ab sunt.', 4, '2018-03-12 19:18:58', '2018-03-12 19:18:58'),
(114, 40, 'Marilie Block', 'Eum autem voluptatum sunt rem quis non sequi non. Et omnis quia ab est quia consequatur. Quod veniam quia natus non aut cupiditate qui.', 4, '2018-03-12 19:18:58', '2018-03-12 19:18:58'),
(115, 210, 'Nathaniel Daniel IV', 'Corrupti aut laudantium vel. Quos sed sed eveniet ea quae perspiciatis a nihil. Error quasi inventore aut quis eos quis voluptatem rem.', 2, '2018-03-12 19:18:58', '2018-03-12 19:18:58'),
(116, 115, 'Prof. Winnifred Schmidt', 'Iusto distinctio magnam velit amet molestiae. Consequatur maiores a sed. Dolore accusamus voluptatem quas culpa qui molestiae occaecati.', 5, '2018-03-12 19:18:58', '2018-03-12 19:18:58'),
(117, 65, 'Chelsie Davis', 'Maxime velit quis ab. Beatae et libero commodi sed quibusdam et laudantium ipsam. Quia eum aperiam voluptatem sit sequi molestiae exercitationem eaque. Laboriosam illum recusandae aut inventore excepturi rerum.', 3, '2018-03-12 19:18:58', '2018-03-12 19:18:58'),
(118, 118, 'Ethel Hettinger', 'Et vel dolor ut et sint. Excepturi praesentium laboriosam nihil sit. Ratione dolore vel corrupti tempore tempora soluta atque quia.', 5, '2018-03-12 19:18:58', '2018-03-12 19:18:58'),
(119, 106, 'Neha Boyer', 'Est exercitationem dolor debitis mollitia non illo sint. Totam sint minima in deserunt eos modi dolor. Deserunt ullam aut corrupti alias ex.', 5, '2018-03-12 19:18:58', '2018-03-12 19:18:58'),
(120, 49, 'Junior Leffler II', 'Vero consequatur quod asperiores quis excepturi. Accusantium voluptates veniam ab provident. Delectus neque et qui soluta officiis officiis illo.', 2, '2018-03-12 19:18:58', '2018-03-12 19:18:58'),
(121, 240, 'Malcolm Harber III', 'Numquam sit perferendis dolores consequatur. Voluptas velit qui porro unde. Aut eum officia esse minus.', 4, '2018-03-12 19:18:58', '2018-03-12 19:18:58'),
(122, 247, 'Jaren Nolan', 'Minus illo non impedit exercitationem. Vel ex eveniet ut eveniet vel dicta impedit. Sequi possimus ut omnis a. Sapiente delectus assumenda molestiae dolorem nihil aut molestiae.', 3, '2018-03-12 19:18:58', '2018-03-12 19:18:58'),
(123, 24, 'Oscar Koelpin', 'Ducimus dolores ipsa porro dolorem et. Omnis quasi aperiam omnis ut magni odio. Ad quae sed voluptas sapiente natus quam. Rem et labore laborum perspiciatis sed.', 5, '2018-03-12 19:18:58', '2018-03-12 19:18:58'),
(124, 86, 'Prof. Madyson Olson', 'Et blanditiis deserunt facilis aut laudantium dolor. Et labore mollitia unde blanditiis nobis in quam. Eaque voluptate maiores aut veniam. Quia quisquam saepe molestiae.', 1, '2018-03-12 19:18:58', '2018-03-12 19:18:58'),
(125, 214, 'Dr. Rodrigo Brown', 'Fuga eos aperiam ut qui. Eos earum minima modi et. Dolores eveniet aut saepe neque eos eveniet.', 1, '2018-03-12 19:18:58', '2018-03-12 19:18:58'),
(126, 28, 'Lorine Hyatt', 'Debitis sunt dolores quae est hic. Aut officiis natus nisi sit qui. Consectetur ut voluptate aut facere. Sunt in libero repellendus aut non sint nam. Nam dolores rerum libero cumque at laborum.', 4, '2018-03-12 19:18:58', '2018-03-12 19:18:58'),
(127, 203, 'Myriam Davis', 'Sapiente blanditiis voluptas provident sit maxime. Sequi nobis qui libero perferendis perspiciatis eum similique.', 2, '2018-03-12 19:18:58', '2018-03-12 19:18:58'),
(128, 73, 'Mr. Adolph Funk III', 'Vel magnam eum a molestiae quia omnis saepe nobis. Incidunt nesciunt amet ut tenetur quia modi qui. Quo dicta officiis est quasi dolores. Iure molestias sunt ut consequatur consequuntur deleniti.', 2, '2018-03-12 19:18:58', '2018-03-12 19:18:58'),
(129, 13, 'Tyson Sipes', 'Dignissimos quidem dolorum dolorem earum. Doloribus eligendi autem est a voluptas dolore placeat. Est quia et consequatur iure suscipit eos.', 5, '2018-03-12 19:18:58', '2018-03-12 19:18:58'),
(130, 52, 'Dr. Tabitha Jenkins PhD', 'Voluptates autem numquam culpa ut voluptas. Pariatur tempore saepe sed eligendi alias saepe. Ut repudiandae illo cumque amet asperiores perferendis quisquam. Vel dolor vel repudiandae facilis nihil sequi nemo reprehenderit.', 4, '2018-03-12 19:18:58', '2018-03-12 19:18:58'),
(131, 93, 'Avery Altenwerth', 'Temporibus vero illo est molestiae ut. Perferendis dolorem ducimus fugit error cumque sapiente officiis. Illo quam quam deleniti vel molestiae labore rerum. Maiores modi delectus aliquid.', 0, '2018-03-12 19:18:58', '2018-03-12 19:18:58'),
(132, 193, 'Alysa Pfeffer', 'Alias ipsa aliquam et cupiditate quo et aut. Animi omnis maxime est distinctio iusto laboriosam quod. Nihil minus neque quia qui a numquam quo. Eum odio expedita quaerat officia consequatur. Alias esse inventore quos voluptas sapiente vitae ratione rerum.', 4, '2018-03-12 19:18:58', '2018-03-12 19:18:58'),
(133, 62, 'Israel Ullrich', 'Ullam distinctio possimus alias cumque. Saepe facilis non voluptatem qui magni inventore. Voluptatem repudiandae non cupiditate ipsum earum sunt.', 4, '2018-03-12 19:18:58', '2018-03-12 19:18:58'),
(134, 234, 'Dr. Fay Metz MD', 'Repellendus nobis aliquam maiores labore dolorem sapiente vero provident. Dolorem autem porro rerum qui laudantium dolores sapiente quos. Nisi est exercitationem id in iusto consectetur. Ex sint eos consequatur officia.', 1, '2018-03-12 19:18:58', '2018-03-12 19:18:58'),
(135, 140, 'Gwendolyn Kreiger', 'Quidem occaecati est accusamus omnis quos. Voluptatem id perferendis et voluptatem repellendus ut omnis. Nesciunt delectus et enim voluptatem est est. Inventore a aut dolores accusantium id incidunt.', 1, '2018-03-12 19:18:58', '2018-03-12 19:18:58'),
(136, 87, 'Zelma Oberbrunner', 'Quisquam adipisci quia molestiae voluptatibus dolores quisquam sint. Porro nostrum beatae quia sunt ea fugit. Qui dolores repellat libero enim. Dolor eligendi et totam.', 1, '2018-03-12 19:18:58', '2018-03-12 19:18:58'),
(137, 175, 'Barbara Lindgren', 'Eum quam neque maiores in voluptas. In illum asperiores aut reprehenderit. Culpa quia nobis et dolor corrupti distinctio consequatur consequuntur. Tempora inventore veniam voluptatem modi.', 2, '2018-03-12 19:18:58', '2018-03-12 19:18:58'),
(138, 240, 'Mr. Colt Jast Jr.', 'Porro error at corporis maiores. Nisi facere laborum maxime et voluptas magni vitae.', 3, '2018-03-12 19:18:58', '2018-03-12 19:18:58'),
(139, 238, 'Jonathon Hyatt', 'Quam quia quaerat quia officia delectus. Vel ea voluptatem quo est fugit reprehenderit. Quia reprehenderit rerum voluptatibus impedit.', 4, '2018-03-12 19:18:58', '2018-03-12 19:18:58'),
(140, 244, 'Don Breitenberg', 'Ut animi aut voluptatum at. Et et consequatur porro sapiente atque. Et sed nam ipsum unde dicta. Consectetur qui et voluptatibus.', 2, '2018-03-12 19:18:58', '2018-03-12 19:18:58'),
(141, 205, 'Travon Tremblay IV', 'Voluptas repellat sit eius explicabo. Voluptas sunt ipsam eligendi. Similique sit labore neque eos et. Veritatis in sint repellendus doloremque aut. Corporis velit illum et.', 1, '2018-03-12 19:18:58', '2018-03-12 19:18:58'),
(142, 203, 'Ms. Genesis Schinner', 'Accusantium facilis et est voluptatum incidunt. Molestias vitae qui quia autem consequuntur inventore possimus. Ut beatae ad quia amet. Corrupti nihil aut reiciendis sunt quis ut quam. Doloribus sed doloremque et dignissimos quas.', 3, '2018-03-12 19:18:58', '2018-03-12 19:18:58'),
(143, 81, 'Percy Goodwin', 'Aut doloribus est aliquid consequatur ad atque. Eaque et sapiente incidunt. Dolorem eaque rem dolorem nobis quas aliquid aut eum.', 2, '2018-03-12 19:18:58', '2018-03-12 19:18:58'),
(144, 17, 'Dr. Providenci Bailey III', 'Magnam et blanditiis debitis repellendus deleniti. Non maxime animi est quidem ut dignissimos laudantium. Fuga accusantium sapiente aut voluptatem deserunt ut.', 4, '2018-03-12 19:18:58', '2018-03-12 19:18:58'),
(145, 178, 'Danny Wyman', 'Ut enim voluptatem ut rerum ea sint cumque. Cumque ut numquam nobis provident voluptatibus deleniti hic. Ex totam eos sed quia magni omnis. Tempore rerum velit cupiditate voluptas qui nemo placeat illum.', 4, '2018-03-12 19:18:58', '2018-03-12 19:18:58'),
(146, 108, 'Waino Kuvalis', 'Dolor itaque explicabo eum sed dignissimos. Dolor rerum repellat molestiae quo esse. Modi excepturi veritatis est tempora.', 0, '2018-03-12 19:18:58', '2018-03-12 19:18:58'),
(147, 213, 'Brad Durgan', 'Eligendi nemo hic quod facere id cum. Debitis molestias impedit neque omnis ut qui libero. Ducimus mollitia et voluptatibus ipsum. Occaecati iste optio omnis totam et molestias.', 4, '2018-03-12 19:18:58', '2018-03-12 19:18:58'),
(148, 154, 'Penelope Mitchell II', 'Eaque et sed cumque dolor. Consequatur aut natus neque laboriosam eos recusandae. Corrupti voluptates id quia eaque.', 2, '2018-03-12 19:18:58', '2018-03-12 19:18:58'),
(149, 2, 'Abdiel Wisozk', 'Deleniti dolores dolorum corporis velit sit. Et ratione et id. Fugiat ut in omnis fugiat sed doloremque ad enim.', 2, '2018-03-12 19:18:58', '2018-03-12 19:18:58'),
(150, 29, 'Miss Madisyn Considine', 'Exercitationem corrupti aperiam culpa iste qui quis omnis. Facere et ut ipsum alias. Inventore repudiandae sit quia itaque est et. Aut consectetur soluta consequatur nesciunt laborum voluptatum in. Placeat ex reprehenderit atque accusamus eum.', 2, '2018-03-12 19:18:58', '2018-03-12 19:18:58'),
(151, 78, 'Prof. Rachel Carter V', 'Praesentium est tempore illo cum consequatur aut. Numquam vel veniam cum quos quo quidem. Nihil rerum reiciendis molestiae sunt assumenda voluptatibus minus. Aut quia nulla et voluptates.', 4, '2018-03-12 19:18:58', '2018-03-12 19:18:58'),
(152, 75, 'Maximilian Waters', 'Sed aliquid qui esse rem qui aut. Adipisci eveniet illo ut voluptate animi tenetur.', 4, '2018-03-12 19:18:58', '2018-03-12 19:18:58'),
(153, 34, 'Dr. Richmond Lehner', 'Dicta iure ipsam ut dolore. Dolorem aliquam expedita sit. Qui doloribus nobis vitae deserunt corporis doloremque.', 5, '2018-03-12 19:18:58', '2018-03-12 19:18:58'),
(154, 211, 'Miss Nikki Nitzsche', 'Accusantium commodi repellat aut saepe. Corrupti corporis consequatur quaerat dolorem ipsa. Perferendis non dolorem suscipit aliquid.', 0, '2018-03-12 19:18:58', '2018-03-12 19:18:58'),
(155, 100, 'Arnoldo Rowe', 'Accusamus voluptate id et. Voluptas eos dolorem ut et. Accusamus cupiditate ipsam aliquid corrupti similique in. Saepe quibusdam aut consequatur est nihil et est.', 2, '2018-03-12 19:18:58', '2018-03-12 19:18:58'),
(156, 39, 'Ashton Beer', 'Et eos veritatis et corrupti laudantium laudantium. Voluptas hic ipsam dolore unde deserunt. Placeat itaque consequuntur et aut.', 5, '2018-03-12 19:18:58', '2018-03-12 19:18:58'),
(157, 43, 'Makenzie Klocko', 'Quia est doloremque aut omnis. Nulla alias itaque cupiditate reiciendis. Consequatur sint assumenda placeat dolorem sed dolores. Pariatur ducimus ducimus adipisci ut molestias quo.', 5, '2018-03-12 19:18:58', '2018-03-12 19:18:58'),
(158, 116, 'Kurt Balistreri', 'Suscipit impedit consectetur nesciunt rerum qui illum quasi aut. Impedit soluta fugiat provident mollitia repellat aperiam quia. Facere ut iure sit qui dolor.', 1, '2018-03-12 19:18:58', '2018-03-12 19:18:58'),
(159, 232, 'Donna Jacobi', 'Aut et nesciunt illum ut laborum. Officiis doloribus qui vero ut sed autem. Nemo beatae architecto unde ut esse deserunt error. Dignissimos libero voluptas a aliquam. Quibusdam dolor iure rerum libero ut corrupti.', 4, '2018-03-12 19:18:58', '2018-03-12 19:18:58'),
(160, 102, 'Jo Krajcik', 'Eius dolores fugiat odio nobis asperiores voluptatibus. Enim velit nisi eligendi odit aut dignissimos. Sit eius rerum itaque consectetur ut ut. Qui corporis nihil incidunt et voluptates provident.', 3, '2018-03-12 19:18:58', '2018-03-12 19:18:58'),
(161, 150, 'Cody Murphy', 'Nihil nostrum voluptatem recusandae et dolorum. Tempora accusantium velit amet corporis autem ratione molestiae iste. Numquam corporis harum consectetur sint recusandae.', 2, '2018-03-12 19:18:58', '2018-03-12 19:18:58'),
(162, 68, 'Miss Carli Schmeler', 'Modi qui eligendi saepe praesentium. Enim amet deserunt sapiente neque eum consequatur molestiae. Blanditiis nobis id minus dolorum delectus distinctio.', 4, '2018-03-12 19:18:58', '2018-03-12 19:18:58'),
(163, 20, 'Miss Mara Muller DDS', 'Necessitatibus reiciendis aliquam quod facere et eius sint quas. Nisi sunt aliquam voluptas pariatur voluptas. Magni delectus sit accusamus repellat ipsam est. Aliquam perferendis a ut sit.', 0, '2018-03-12 19:18:58', '2018-03-12 19:18:58'),
(164, 60, 'Terrance Heller', 'Animi assumenda ipsam quas numquam eaque. Aut non quibusdam id quia qui rerum porro placeat. Vitae tempora eos similique culpa vel. Id est explicabo excepturi in ullam nesciunt libero.', 4, '2018-03-12 19:18:58', '2018-03-12 19:18:58'),
(165, 55, 'Aubrey Feil', 'Cumque quasi non unde nulla magnam impedit cum. In ut quia dolore accusantium earum aut. Quibusdam vero voluptate sint commodi quos.', 3, '2018-03-12 19:18:58', '2018-03-12 19:18:58'),
(166, 92, 'Toby Funk', 'Corporis quia quia fuga nisi qui corrupti odio. Dolorem aut dolorem nesciunt voluptates ut earum. Voluptas illo dicta cupiditate totam aspernatur cum sapiente aliquam. Eum omnis ut repellat at expedita nesciunt. Atque in ab ipsam.', 5, '2018-03-12 19:18:58', '2018-03-12 19:18:58'),
(167, 150, 'Mr. Madison Stracke', 'Velit doloremque eos et est quos cum cumque. Soluta totam eum rem quisquam ratione et. Consectetur est dolor excepturi qui eos ut. Consequuntur consequatur numquam et incidunt inventore.', 2, '2018-03-12 19:18:58', '2018-03-12 19:18:58'),
(168, 231, 'Dejon Tillman', 'Non similique incidunt et veritatis ut aspernatur. Et ut optio dignissimos sit est repellat cum. Accusamus voluptas rerum accusantium ut.', 4, '2018-03-12 19:18:58', '2018-03-12 19:18:58'),
(169, 130, 'Dr. Reece Mayert Jr.', 'Aut illum voluptate voluptatibus enim. Odit ut eum consectetur quia deserunt exercitationem omnis. Nemo ut pariatur voluptates maiores nobis. Voluptatem minus necessitatibus suscipit incidunt quidem aspernatur.', 2, '2018-03-12 19:18:58', '2018-03-12 19:18:58'),
(170, 215, 'Cooper Thompson', 'Unde ut officia neque et officia repellendus ullam dignissimos. Voluptate et illum nulla tempora veniam beatae et. Omnis vel et quia vel tempora.', 1, '2018-03-12 19:18:58', '2018-03-12 19:18:58'),
(171, 46, 'Verona Breitenberg', 'Molestiae ut atque voluptas qui rerum. Neque fugit dicta aut nisi aliquid. Nesciunt qui sunt in dolor error repellat.', 0, '2018-03-12 19:18:58', '2018-03-12 19:18:58'),
(172, 155, 'Linwood Kuhlman DVM', 'Pariatur accusantium molestiae itaque est. Et aut et ab. Voluptatem asperiores nihil cumque aliquam iste.', 4, '2018-03-12 19:18:58', '2018-03-12 19:18:58'),
(173, 14, 'Adeline Cormier', 'Similique doloremque dolorem hic pariatur asperiores minus. Sunt veniam repudiandae porro esse est sed. Aut qui eos alias aliquid qui id. Quo id minus sint molestias voluptatem qui perferendis.', 5, '2018-03-12 19:18:58', '2018-03-12 19:18:58'),
(174, 84, 'Miss Cheyenne Dibbert', 'Voluptatum at nihil aperiam quod qui. Doloribus facilis qui omnis accusamus id sequi. Voluptatem sed sunt voluptatem et.', 2, '2018-03-12 19:18:58', '2018-03-12 19:18:58'),
(175, 241, 'Retta Von', 'Tempora sint a eligendi aut. Qui aliquid quo sunt voluptatem. Dolores unde nostrum tempore nam. Nulla facere officiis nemo consequatur blanditiis beatae.', 4, '2018-03-12 19:18:58', '2018-03-12 19:18:58'),
(176, 71, 'Zelma Hagenes', 'Mollitia ad impedit similique deleniti ut voluptatem quia. Veritatis libero consequatur nihil est esse doloribus incidunt. Illo officiis ratione ut laudantium.', 4, '2018-03-12 19:18:58', '2018-03-12 19:18:58'),
(177, 11, 'Harley Brown', 'Laboriosam dolores laboriosam minima minus quia. Voluptatem vero error eveniet cumque eos nemo dolores. Et non nulla debitis consequatur.', 1, '2018-03-12 19:18:58', '2018-03-12 19:18:58'),
(178, 26, 'Prof. D\'angelo Littel I', 'Autem id nobis autem voluptatem aperiam eos. Ut voluptatem totam sunt veniam voluptatem. Dolorem ut nobis omnis libero harum et. Delectus voluptatum vel libero eveniet corporis rerum.', 4, '2018-03-12 19:18:58', '2018-03-12 19:18:58'),
(179, 214, 'Zane Stark', 'Possimus sunt ex vitae commodi impedit corrupti. Cum vel dolore iusto dolorem ut. Ab a adipisci exercitationem quas. Aut ducimus sit reiciendis blanditiis a qui suscipit.', 4, '2018-03-12 19:18:58', '2018-03-12 19:18:58'),
(180, 200, 'Warren Hilpert', 'Corrupti eius officia similique provident sunt amet voluptate alias. Odio doloribus architecto accusantium ex. Qui dicta delectus et rerum quia corrupti.', 3, '2018-03-12 19:18:58', '2018-03-12 19:18:58'),
(181, 182, 'Jennifer Ruecker', 'Voluptatibus sed sunt similique odit. Quis accusantium eos cum praesentium doloremque sunt ut. Voluptatum provident et et consequuntur eveniet omnis. Natus et rerum est aut. Suscipit velit nesciunt veniam omnis.', 3, '2018-03-12 19:18:58', '2018-03-12 19:18:58'),
(182, 183, 'Dean Schulist', 'Optio est maxime nesciunt. Et dignissimos id ipsam fugit ipsam cumque et quod. Et a iusto amet nobis.', 2, '2018-03-12 19:18:58', '2018-03-12 19:18:58'),
(183, 45, 'Carmen Rempel', 'Aut est explicabo officia similique provident possimus. Dolorem delectus consequatur occaecati et animi vero. Facilis voluptatibus facere eos amet distinctio aliquid.', 0, '2018-03-12 19:18:58', '2018-03-12 19:18:58'),
(184, 11, 'Ahmad Buckridge', 'Sint nulla ut libero nisi nihil. Accusamus nostrum nihil tenetur ad. Fuga voluptas iusto omnis autem sint.', 2, '2018-03-12 19:18:58', '2018-03-12 19:18:58'),
(185, 46, 'Dr. Lenny Cassin', 'Enim ducimus eaque odit rerum et deserunt quia. Similique mollitia sed illo accusamus voluptas itaque. Aliquid quos et nemo.', 0, '2018-03-12 19:18:58', '2018-03-12 19:18:58'),
(186, 240, 'Abagail Block I', 'Rerum excepturi nostrum esse harum quod occaecati voluptas. Distinctio iusto asperiores vel molestiae.', 1, '2018-03-12 19:18:58', '2018-03-12 19:18:58'),
(187, 237, 'Prof. Name Bins IV', 'Rem sunt pariatur qui quisquam consequatur. Consequatur nam minima dolores nihil consequatur. Non est excepturi aliquam officiis.', 2, '2018-03-12 19:18:58', '2018-03-12 19:18:58'),
(188, 180, 'Elnora Schuppe', 'Velit sed ratione tenetur sint voluptatem tenetur debitis velit. Exercitationem rerum numquam omnis nostrum.', 1, '2018-03-12 19:18:58', '2018-03-12 19:18:58'),
(189, 220, 'Mandy Wolff', 'In commodi deleniti necessitatibus eaque. Debitis voluptatem voluptate enim ducimus. Aspernatur debitis aut sed sit praesentium et.', 4, '2018-03-12 19:18:58', '2018-03-12 19:18:58'),
(190, 180, 'Jade Wolf', 'Assumenda facilis expedita pariatur dolores excepturi ut. Consequatur velit eligendi vel commodi repudiandae. Qui et cumque amet sed doloremque. Est architecto vel delectus nihil dolore.', 3, '2018-03-12 19:18:58', '2018-03-12 19:18:58'),
(191, 211, 'Trevor Zboncak III', 'Iure est voluptas laudantium. Et aut qui eaque qui qui. Eligendi nemo aliquid reprehenderit officia.', 1, '2018-03-12 19:18:58', '2018-03-12 19:18:58'),
(192, 150, 'Jermain Olson', 'Voluptatem nihil voluptatem alias iure maiores qui omnis. Sunt enim autem nesciunt alias. Aperiam quia voluptatibus perspiciatis possimus sed incidunt natus.', 3, '2018-03-12 19:18:58', '2018-03-12 19:18:58'),
(193, 234, 'Miss Kendra Padberg II', 'Harum et id cumque consectetur dolore sequi. Quia quia omnis est numquam quis. Fugit esse in asperiores et necessitatibus.', 1, '2018-03-12 19:18:58', '2018-03-12 19:18:58'),
(194, 194, 'Haskell Eichmann', 'Quo facere quia numquam et odio velit temporibus. Numquam explicabo corporis repellendus. Aliquam tempora error aliquid accusantium voluptatibus ullam fugit.', 2, '2018-03-12 19:18:58', '2018-03-12 19:18:58'),
(195, 155, 'Quinten Kirlin PhD', 'Explicabo sed ut explicabo adipisci enim. Sit enim laudantium dolor molestias eaque autem excepturi. Atque accusamus sed porro nemo est voluptatem. Aut quos laborum ad similique voluptatem.', 2, '2018-03-12 19:18:58', '2018-03-12 19:18:58'),
(196, 63, 'Larue Bradtke', 'Adipisci eligendi qui et enim aliquam. Aut dolorem quisquam amet.', 5, '2018-03-12 19:18:58', '2018-03-12 19:18:58'),
(197, 29, 'Alessia Zboncak DVM', 'Rerum optio quae rem animi et non assumenda eos. Et accusamus ab voluptate sunt. Dolor repellendus ipsum laudantium.', 5, '2018-03-12 19:18:58', '2018-03-12 19:18:58'),
(198, 11, 'Prof. Jessica Langosh', 'Praesentium nam illo numquam. Ut harum distinctio dicta. Animi aspernatur in ipsam veritatis. Iusto perspiciatis et voluptas accusantium ut consequatur aperiam.', 1, '2018-03-12 19:18:58', '2018-03-12 19:18:58'),
(199, 130, 'Heaven Aufderhar', 'Nobis blanditiis quidem nemo praesentium est eum. At molestiae quia rerum ut autem quidem. Laborum nemo et minus et sit dolore. Harum soluta ipsa ut veritatis minus.', 0, '2018-03-12 19:18:58', '2018-03-12 19:18:58'),
(200, 183, 'Ms. Maeve Little', 'Nostrum vel provident accusamus libero laboriosam maiores. Dolore enim libero velit atque animi pariatur voluptatem. Numquam est ut aut suscipit molestiae officia. Sed culpa harum molestiae omnis.', 3, '2018-03-12 19:18:58', '2018-03-12 19:18:58'),
(201, 41, 'Cornell Green', 'Maiores iusto repudiandae perferendis. Aut at id consequatur cupiditate. Nihil deleniti autem ea id. Autem natus animi est nobis voluptatem vel illum.', 3, '2018-03-12 19:18:58', '2018-03-12 19:18:58'),
(202, 82, 'Rick Stark', 'Ut nam dolor temporibus quas facilis sint non. Nemo quia et qui accusantium assumenda et alias. Et quasi dolores et accusantium quae.', 4, '2018-03-12 19:18:58', '2018-03-12 19:18:58'),
(203, 199, 'Kennedi Hauck', 'Ipsum asperiores quam error aut. Tempore sed dicta asperiores saepe sed commodi. Vel porro sed expedita sit voluptatem rerum veritatis. Et accusantium nesciunt excepturi id voluptatibus animi.', 0, '2018-03-12 19:18:58', '2018-03-12 19:18:58'),
(204, 172, 'Mrs. Molly Ankunding Sr.', 'Quia sed et quam tenetur repudiandae. Inventore praesentium est necessitatibus adipisci harum quia ut adipisci. Explicabo illum quia fuga impedit quia. Laudantium eum et nemo laborum.', 1, '2018-03-12 19:18:58', '2018-03-12 19:18:58'),
(205, 7, 'Aliza Price', 'Non nesciunt dolores numquam unde accusamus voluptate. Et deleniti eius in quod. Perspiciatis magni hic sed voluptatem officia qui.', 0, '2018-03-12 19:18:58', '2018-03-12 19:18:58'),
(206, 5, 'Mrs. Felipa Connelly Jr.', 'Minima hic provident id et numquam aspernatur modi. Sunt maxime deleniti sit nihil totam ut ut. Sunt eligendi rerum quia non amet. Non praesentium magnam ducimus quo quo quos expedita.', 0, '2018-03-12 19:18:58', '2018-03-12 19:18:58'),
(207, 170, 'Jasmin Hintz V', 'Aut nulla sapiente beatae dignissimos quo. Et eum aliquam velit explicabo harum qui illo modi. Ea debitis nulla repellendus. Aliquid aliquam sequi suscipit ut consequuntur.', 4, '2018-03-12 19:18:58', '2018-03-12 19:18:58'),
(208, 242, 'Quentin Beahan', 'Dolor laudantium aut laboriosam nihil placeat excepturi dolores. Nemo quis qui assumenda voluptas architecto. Accusamus nemo consectetur rerum iste. Adipisci esse adipisci nesciunt.', 1, '2018-03-12 19:18:58', '2018-03-12 19:18:58'),
(209, 7, 'Rex Trantow', 'Possimus necessitatibus magnam neque voluptatem. Amet qui eos omnis cumque voluptates.', 0, '2018-03-12 19:18:58', '2018-03-12 19:18:58'),
(210, 14, 'Rey Oberbrunner', 'Expedita nobis quaerat qui qui quia debitis. Enim et voluptatem molestias et reprehenderit recusandae voluptas. Praesentium temporibus repellendus consectetur et repellendus eum.', 1, '2018-03-12 19:18:58', '2018-03-12 19:18:58'),
(211, 250, 'Cora Hilpert', 'Earum excepturi enim neque laudantium. Minus voluptates aut rerum nam et. Reprehenderit velit sint similique et. Et eaque sed perferendis atque ut error.', 4, '2018-03-12 19:18:58', '2018-03-12 19:18:58');
INSERT INTO `reviews` (`id`, `product_id`, `customer`, `review`, `star`, `created_at`, `updated_at`) VALUES
(212, 124, 'Hank Kovacek', 'Neque saepe et culpa a ut deleniti. Illo rerum omnis hic quasi dicta. Dicta qui explicabo minus est ipsam facilis. Fugit quo dolorem nobis beatae iste.', 2, '2018-03-12 19:18:58', '2018-03-12 19:18:58'),
(213, 227, 'Velma Roob', 'Iure excepturi tempora repudiandae sequi. Qui tenetur eius blanditiis nemo enim alias sed harum.', 0, '2018-03-12 19:18:58', '2018-03-12 19:18:58'),
(214, 58, 'Dr. Dashawn Ledner III', 'Est et dolores numquam voluptate. Et nemo quia ut numquam consequatur vel. Omnis odit iure sequi et eius dolorem iure.', 5, '2018-03-12 19:18:58', '2018-03-12 19:18:58'),
(215, 240, 'Prof. Brandon Lueilwitz', 'Illum sequi et nihil aut qui eos. Neque et ratione enim aliquid voluptas iste. Non facilis incidunt corporis qui.', 2, '2018-03-12 19:18:58', '2018-03-12 19:18:58'),
(216, 53, 'Quentin Green', 'Hic nihil recusandae possimus nihil ut fugit adipisci. Sunt soluta eligendi pariatur nisi eius voluptates.', 0, '2018-03-12 19:18:58', '2018-03-12 19:18:58'),
(217, 204, 'Dr. Manuela McLaughlin', 'Sed autem maxime corporis eum quam et. Non magnam maxime eaque eius ab praesentium ut aperiam. Illo dolorem architecto quae sit. Laudantium est autem quo at.', 4, '2018-03-12 19:18:58', '2018-03-12 19:18:58'),
(218, 106, 'Hershel Mayer', 'Quaerat quaerat et magni eligendi ipsum harum tenetur. Facilis voluptatum enim voluptate sunt deleniti accusamus incidunt occaecati. Quia corrupti quia qui cum. Et esse non autem quis voluptatem unde aut.', 1, '2018-03-12 19:18:58', '2018-03-12 19:18:58'),
(219, 61, 'Maymie Mayer', 'Velit et perspiciatis ut hic et et veritatis officiis. Nesciunt consectetur non dolor repudiandae nisi id explicabo necessitatibus.', 1, '2018-03-12 19:18:58', '2018-03-12 19:18:58'),
(220, 198, 'Audrey Bogan', 'Minus dolores adipisci odio cumque quasi. Explicabo ipsum at voluptatem ipsum. Sapiente molestias quam velit fugiat modi unde aliquam.', 2, '2018-03-12 19:18:58', '2018-03-12 19:18:58'),
(221, 70, 'Eliza Dicki', 'Aut necessitatibus est et occaecati aut assumenda. Atque explicabo libero officia non qui amet. Sunt repudiandae quibusdam et assumenda.', 4, '2018-03-12 19:18:58', '2018-03-12 19:18:58'),
(222, 230, 'Bert Block', 'Reprehenderit esse voluptas optio. Distinctio nobis esse tempora odio adipisci omnis dolor. Veritatis vero dignissimos eligendi dolores. Sed molestiae et et qui ea veritatis.', 4, '2018-03-12 19:18:58', '2018-03-12 19:18:58'),
(223, 151, 'Prof. Anne Kreiger', 'Ullam tempore et molestias veritatis velit. Non dicta magnam id eum. Temporibus mollitia animi cum ut eaque impedit ex.', 4, '2018-03-12 19:18:58', '2018-03-12 19:18:58'),
(224, 108, 'Dr. Clinton Abshire V', 'Qui placeat inventore unde. Quidem molestiae modi perferendis eos. In eligendi rerum cum minima aliquid quasi. Ea odio ullam consequatur neque doloremque.', 5, '2018-03-12 19:18:58', '2018-03-12 19:18:58'),
(225, 93, 'Ramona Padberg', 'Fugit soluta sit ipsa velit optio deleniti. Quisquam hic nobis soluta quidem voluptas. Ipsam rerum et et eum dignissimos quia. Ut dolorem repellat consequatur iste dolore.', 0, '2018-03-12 19:18:58', '2018-03-12 19:18:58'),
(226, 15, 'Okey Lubowitz', 'Modi nihil id voluptatem est quasi illum quasi provident. Dolorum sint in voluptates ipsam molestiae. Doloribus est voluptatibus consequuntur tenetur totam qui. Ipsum occaecati et ullam quis fugiat.', 5, '2018-03-12 19:18:58', '2018-03-12 19:18:58'),
(227, 98, 'Deborah Schuster', 'Laudantium cumque ad ut sit velit et eos porro. Officia odio sit dolor dolor. Dolorem eos non sapiente placeat quidem. Repellendus mollitia accusantium voluptatem quam.', 0, '2018-03-12 19:18:58', '2018-03-12 19:18:58'),
(228, 121, 'Mrs. Hortense Shields III', 'Magni quae sit et et voluptatem suscipit quidem nihil. Quisquam culpa aut explicabo occaecati exercitationem consequatur veniam culpa. Laborum ad dolor reiciendis tenetur rerum. Qui rerum ab dignissimos dolorem. Esse occaecati libero unde magnam cumque omnis quis.', 5, '2018-03-12 19:18:58', '2018-03-12 19:18:58'),
(229, 104, 'Ima Kemmer', 'Blanditiis ratione aut aut dolorem. Iste reprehenderit aut dolor dolor consequatur molestiae sapiente. Laudantium ut quisquam quis architecto minus ipsum tempora.', 5, '2018-03-12 19:18:58', '2018-03-12 19:18:58'),
(230, 72, 'Mr. Cameron Goodwin', 'Necessitatibus dolorum occaecati quia. Provident aliquid libero et soluta earum magnam consequuntur. Laudantium iusto suscipit quia. Porro mollitia et ratione nihil voluptas.', 0, '2018-03-12 19:18:58', '2018-03-12 19:18:58'),
(231, 117, 'Prof. Luther Considine MD', 'Maxime iusto doloribus maiores. Nihil tempore vitae et. Alias qui suscipit ut ipsum dolores laborum.', 3, '2018-03-12 19:18:58', '2018-03-12 19:18:58'),
(232, 96, 'Noelia Prohaska', 'Quo qui eius rerum suscipit amet commodi. Aperiam rem sunt quia ducimus dolor. Qui nesciunt molestiae possimus ducimus quo qui facere nisi. Sit dolores quis dolore voluptatibus sint quaerat suscipit.', 0, '2018-03-12 19:18:58', '2018-03-12 19:18:58'),
(233, 85, 'Dr. Colby McGlynn V', 'Odit hic eius rerum reiciendis. Rerum eos non rerum a a rerum repellat. Ut delectus quaerat officiis amet et quidem maxime.', 3, '2018-03-12 19:18:58', '2018-03-12 19:18:58'),
(234, 69, 'Patsy Konopelski', 'Neque molestias recusandae distinctio velit doloribus tenetur qui. Suscipit aspernatur repellendus debitis minus dolorem. Ut voluptatum distinctio ullam voluptates.', 3, '2018-03-12 19:18:58', '2018-03-12 19:18:58'),
(235, 242, 'Mr. Julius Ziemann', 'Dignissimos et cum voluptate delectus neque. Enim officia aut iste rerum nisi omnis veniam. Aut ut hic nesciunt reprehenderit soluta sequi neque. Quos amet consequuntur quos debitis dicta. Mollitia temporibus ipsum quisquam cumque recusandae quasi ut.', 4, '2018-03-12 19:18:58', '2018-03-12 19:18:58'),
(236, 10, 'Prof. Ciara Daniel', 'Dolore autem nulla et nisi ipsum sint dolores. Veniam totam et cum blanditiis ut odit. Nihil eius placeat exercitationem sapiente vitae rerum.', 3, '2018-03-12 19:18:58', '2018-03-12 19:18:58'),
(237, 146, 'Jamie Torp', 'Est voluptatem iusto ut ab corporis hic. Aut qui ea et placeat ea facere qui. Non rerum fugiat et placeat et dolorem quam. Animi quia optio quam voluptas quidem perspiciatis.', 3, '2018-03-12 19:18:58', '2018-03-12 19:18:58'),
(238, 244, 'Arnulfo Jerde V', 'Ab voluptates minus labore id. Ullam earum itaque magni nostrum. Ab qui quibusdam doloremque. Iusto possimus nam natus aut officiis.', 0, '2018-03-12 19:18:58', '2018-03-12 19:18:58'),
(239, 40, 'Cara Langosh DDS', 'Quam non incidunt in voluptatem sint molestiae dolores. At et facilis dolor deserunt. Eveniet eos necessitatibus sequi minima voluptatem. Tempore ad cum id est repellendus laborum.', 3, '2018-03-12 19:18:58', '2018-03-12 19:18:58'),
(240, 238, 'Jewell Kilback', 'Magnam nisi eos laborum dolorum ea nemo. Dolore consequatur eos magnam nostrum sapiente enim omnis beatae. Quia placeat aut quibusdam repudiandae sint nesciunt natus. Asperiores quaerat et quo aspernatur doloribus.', 0, '2018-03-12 19:18:58', '2018-03-12 19:18:58'),
(241, 212, 'Robin McLaughlin', 'Eos expedita reprehenderit assumenda ratione numquam totam. Qui minus similique provident praesentium cupiditate dicta aut cum. In quo sequi illo vitae magni et ut. Neque aut aspernatur minima fugiat consequatur nam voluptatem. Nesciunt dicta sint eligendi labore unde.', 0, '2018-03-12 19:18:58', '2018-03-12 19:18:58'),
(242, 158, 'Dr. Demetrius Osinski DVM', 'Minus aut deserunt id rerum et aut ut. Sunt enim ut voluptates quaerat. Quia ea sit exercitationem sint assumenda ex. Debitis quia veniam iste qui.', 4, '2018-03-12 19:18:58', '2018-03-12 19:18:58'),
(243, 218, 'Timmothy Denesik', 'Nostrum vel amet error quo beatae quia. Dolores est delectus maxime omnis debitis nesciunt similique. Ipsam ut quae et quisquam aut nemo animi. Numquam eum possimus vel assumenda temporibus.', 1, '2018-03-12 19:18:58', '2018-03-12 19:18:58'),
(244, 44, 'Lia Howell', 'In mollitia cum assumenda reprehenderit autem alias odit. Ut voluptatem rerum dolor nam placeat molestiae. Quis officiis itaque dolorum voluptatem dolorem distinctio ab. Iure quidem qui eos. Eius qui quia saepe saepe officiis minima unde at.', 5, '2018-03-12 19:18:58', '2018-03-12 19:18:58'),
(245, 225, 'Rhett Wisozk', 'Nihil incidunt impedit impedit doloremque saepe et. Quo voluptatibus atque doloribus vero incidunt temporibus inventore. Vero saepe magni veritatis voluptas provident non. Eos voluptatum id sit est fugiat. Enim et ex perferendis nam.', 1, '2018-03-12 19:18:58', '2018-03-12 19:18:58'),
(246, 218, 'Daniela Rau', 'Inventore accusamus maiores quia. Voluptatem quia rerum iure voluptatem. Repudiandae sequi doloremque qui recusandae.', 3, '2018-03-12 19:18:58', '2018-03-12 19:18:58'),
(247, 191, 'Hattie Strosin', 'Non cupiditate voluptatem impedit laborum repellendus perferendis. Enim tempore ratione eum cumque id quo. Ex ea omnis officiis hic.', 3, '2018-03-12 19:18:58', '2018-03-12 19:18:58'),
(248, 176, 'Rebecca Farrell', 'Laborum amet doloremque dicta eum aliquid. Ipsam modi quod sit rerum doloribus aut. Corporis quia cum ipsum voluptas itaque et corporis. Voluptate qui dolore reprehenderit molestiae nesciunt eaque ut.', 0, '2018-03-12 19:18:58', '2018-03-12 19:18:58'),
(249, 196, 'Beryl Hamill DVM', 'Reprehenderit totam dicta vero nisi maxime rerum. Placeat ea sint qui impedit sed voluptas quam. Sunt molestias dignissimos dolorem laudantium sint ullam rerum. Voluptatibus voluptatibus nam error nulla aliquam vero.', 3, '2018-03-12 19:18:58', '2018-03-12 19:18:58'),
(250, 76, 'Kaelyn Gerlach DVM', 'Explicabo commodi enim qui fugiat rem ipsam voluptatem. Tempore consequatur animi non accusantium et dolores. Consequatur inventore cupiditate consectetur rem aut est fuga.', 3, '2018-03-12 19:18:58', '2018-03-12 19:18:58'),
(251, 168, 'Malinda Walker', 'Dolorum illum et et dicta. Fuga accusamus iste nesciunt expedita. Neque beatae ipsa quos et non ducimus quam dignissimos.', 1, '2018-03-12 19:18:58', '2018-03-12 19:18:58'),
(252, 161, 'Prof. Willy Smith', 'Quas exercitationem ullam laboriosam officia et autem commodi. Et maiores itaque voluptas aliquid. Assumenda molestiae ad cum temporibus aspernatur.', 2, '2018-03-12 19:18:58', '2018-03-12 19:18:58'),
(253, 233, 'Myrtle Corkery IV', 'Itaque id molestias quia neque voluptatem iste. Assumenda a quisquam beatae labore. Ut neque repellendus quo porro harum necessitatibus voluptas.', 1, '2018-03-12 19:18:58', '2018-03-12 19:18:58'),
(254, 43, 'Edmund Olson', 'At aspernatur minus commodi eos eius cumque. Provident vel consequatur dicta. Voluptas qui ea sit animi soluta enim. Totam sit sit minus et consectetur reiciendis.', 5, '2018-03-12 19:18:58', '2018-03-12 19:18:58'),
(255, 107, 'Barney Greenholt', 'Et eius autem commodi voluptatum. Mollitia modi ea voluptatem exercitationem voluptas tempore hic.', 3, '2018-03-12 19:18:58', '2018-03-12 19:18:58'),
(256, 197, 'Oceane Price', 'Beatae eos et ratione et eos eos voluptatem. Omnis harum consequuntur temporibus suscipit ut quod. Asperiores eos alias molestiae est tempora vel fugit animi. Accusantium ut voluptatem error quibusdam.', 3, '2018-03-12 19:18:58', '2018-03-12 19:18:58'),
(257, 80, 'Prof. Abby Davis', 'Accusamus id sed autem id. Aut enim est qui iusto. A distinctio eum praesentium libero unde nam. Iste minima rem cum non eum deserunt necessitatibus officia. Nulla quibusdam aspernatur officiis asperiores aspernatur sunt ipsam.', 5, '2018-03-12 19:18:58', '2018-03-12 19:18:58'),
(258, 187, 'Lexi Glover', 'Esse libero expedita praesentium rerum debitis qui ullam sunt. Corporis magnam qui nisi error ex commodi. Ut sed excepturi voluptas illum. Voluptas harum illum aliquid reiciendis aspernatur harum.', 2, '2018-03-12 19:18:58', '2018-03-12 19:18:58'),
(259, 196, 'Colin Jerde', 'Quisquam quaerat nostrum quis ut consectetur soluta. Quis a ea molestiae et libero sit. Tempora nam soluta tempore earum fuga a. Repellat non ut est fugit.', 1, '2018-03-12 19:18:58', '2018-03-12 19:18:58'),
(260, 155, 'Dr. Marlon Bins PhD', 'Omnis et sunt hic quod iure natus. Doloribus qui sapiente quibusdam qui enim. Vel quia maiores qui et et et.', 5, '2018-03-12 19:18:58', '2018-03-12 19:18:58'),
(261, 21, 'Ms. Kiara Quitzon Sr.', 'Qui exercitationem explicabo necessitatibus eaque. Et consequuntur sit non aut assumenda rerum temporibus saepe. Qui nam consequatur non veniam vero quos assumenda. Repellendus sequi consectetur et et molestiae quia sunt.', 0, '2018-03-12 19:18:58', '2018-03-12 19:18:58'),
(262, 31, 'Miss Brandy Gottlieb DVM', 'Fuga dolorum ut vel nesciunt odio. Sint eos occaecati soluta et recusandae sed molestias quis. Et provident facilis doloremque nihil. Tempora ullam sed et perferendis quisquam.', 3, '2018-03-12 19:18:58', '2018-03-12 19:18:58'),
(263, 194, 'Miss Kathryn Herman I', 'Eum laboriosam laborum at et fugiat ipsa dolorem animi. Est debitis animi vitae sint. Nam cum voluptas tenetur repellendus est sed.', 2, '2018-03-12 19:18:58', '2018-03-12 19:18:58'),
(264, 36, 'Kelsie Balistreri', 'Ipsam totam veniam velit tempore. Dolor officiis laboriosam alias animi dolorem. Voluptatem et quaerat ipsam explicabo facere commodi eligendi. Nam dolores rerum quae numquam suscipit adipisci quas at.', 5, '2018-03-12 19:18:58', '2018-03-12 19:18:58'),
(265, 167, 'Rollin Kozey I', 'Iste tempora aut quis quos assumenda aperiam aut. Ipsam fugit alias nihil veniam ut aut. Expedita quia aut quis reiciendis.', 1, '2018-03-12 19:18:58', '2018-03-12 19:18:58'),
(266, 67, 'Gregoria O\'Keefe', 'Suscipit dolorum sed et nemo qui. Minima dicta praesentium ad id accusamus adipisci ipsum. Voluptas distinctio dicta minus consectetur et.', 5, '2018-03-12 19:18:58', '2018-03-12 19:18:58'),
(267, 250, 'Erick Hettinger', 'Rerum voluptatibus est et est et. Dolor error fugit voluptatibus qui voluptas culpa enim. Dolorem ad error omnis voluptas voluptatibus repellendus. Molestiae dolor consectetur aut sapiente sint voluptatem.', 3, '2018-03-12 19:18:58', '2018-03-12 19:18:58'),
(268, 241, 'Juston Schmeler', 'Voluptatem corporis minus consequatur dolorum aliquam cum. Ullam itaque eos dolorem cum iure. Tenetur quod inventore voluptatibus sint.', 1, '2018-03-12 19:18:58', '2018-03-12 19:18:58'),
(269, 85, 'Brigitte Grimes I', 'Laborum qui dicta labore at eos similique. Vero voluptas voluptate pariatur laboriosam voluptatem. Nemo blanditiis dolor quos beatae illum possimus exercitationem labore. Corrupti praesentium quo ullam aut qui aperiam quidem.', 1, '2018-03-12 19:18:58', '2018-03-12 19:18:58'),
(270, 44, 'Wendy Armstrong', 'Nostrum voluptas cupiditate et animi. Omnis sunt vel dolorum sit et perferendis dolore nemo. Rerum occaecati dicta sed aspernatur id.', 3, '2018-03-12 19:18:58', '2018-03-12 19:18:58'),
(271, 41, 'Hiram Mraz', 'Corporis corporis adipisci rerum numquam quae commodi. Eum omnis dolorum cupiditate aut eos. Rerum veritatis nobis quo vitae in. Quas explicabo reprehenderit officiis qui et.', 4, '2018-03-12 19:18:58', '2018-03-12 19:18:58'),
(272, 98, 'Geovanny Heaney DDS', 'Praesentium explicabo atque distinctio doloremque officia esse. Labore ad aspernatur autem sit dolorem atque quo. A ut mollitia sit nihil itaque. Rerum et molestias qui quod repudiandae ullam quibusdam.', 3, '2018-03-12 19:18:58', '2018-03-12 19:18:58'),
(273, 52, 'Orrin Gerlach', 'Et veritatis accusantium adipisci. Veniam saepe ut nihil architecto modi sint. Animi atque et dolor.', 3, '2018-03-12 19:18:58', '2018-03-12 19:18:58'),
(274, 175, 'Prof. Einar Kuhn IV', 'Ad blanditiis recusandae ea nemo quam non nihil. Minima cumque vitae sed magnam. Inventore illum exercitationem aut sed totam. Aperiam mollitia occaecati deleniti qui ad. Blanditiis voluptatem quaerat aut natus.', 4, '2018-03-12 19:18:58', '2018-03-12 19:18:58'),
(275, 45, 'Percy Stamm', 'Minus est et consequatur corporis voluptas itaque. Doloremque eaque alias dolorem est facilis. Vel sit itaque consequatur modi. Animi doloribus et quia beatae enim deserunt vel. Atque ut et hic eius fuga fuga.', 0, '2018-03-12 19:18:58', '2018-03-12 19:18:58'),
(276, 19, 'Marcus Christiansen', 'Quia hic rem excepturi rerum. Rerum ducimus ut ut est aut minus distinctio.', 4, '2018-03-12 19:18:58', '2018-03-12 19:18:58'),
(277, 245, 'Dr. Alvis West I', 'Quibusdam itaque quidem est voluptas quibusdam ipsam voluptatum. Consequatur et distinctio minus. Dolorum iure excepturi eos corporis et. Nam aut pariatur accusantium quos omnis non maiores.', 2, '2018-03-12 19:18:58', '2018-03-12 19:18:58'),
(278, 99, 'Jan Koss', 'A consequatur rerum dolor nulla architecto eius dignissimos. Rerum earum quis libero neque.', 3, '2018-03-12 19:18:58', '2018-03-12 19:18:58'),
(279, 25, 'Prof. Kale Hayes PhD', 'Et mollitia quis magni qui culpa incidunt. Minus ut excepturi enim beatae aut. Laborum velit voluptatem dolorem quo reiciendis temporibus voluptatem.', 2, '2018-03-12 19:18:58', '2018-03-12 19:18:58'),
(280, 217, 'Jolie Torphy', 'Eos voluptatem porro corrupti. Necessitatibus itaque et et est. Quae delectus laborum molestiae. Sit exercitationem hic est eius quam quo eum. Modi non vel enim.', 0, '2018-03-12 19:18:58', '2018-03-12 19:18:58'),
(281, 35, 'Eloy Davis', 'Molestias voluptate rerum dignissimos sed. Soluta iusto harum cumque at eligendi esse. Molestias consequuntur voluptas ipsum. Et necessitatibus odit perspiciatis. Dolorum voluptatem quia incidunt dignissimos rem.', 2, '2018-03-12 19:18:58', '2018-03-12 19:18:58'),
(282, 101, 'Lexie Gusikowski', 'Consequatur nemo eum qui velit libero recusandae nulla. Non hic consequatur sint minus consectetur in. Aut est distinctio totam velit sapiente natus quae. Iste animi laboriosam ipsa porro aut.', 3, '2018-03-12 19:18:58', '2018-03-12 19:18:58'),
(283, 209, 'Sven Schamberger', 'Facere libero quisquam et rerum. Doloremque voluptates atque esse sed. Ipsa cupiditate recusandae omnis facilis mollitia. Dicta placeat ea excepturi itaque architecto illum.', 0, '2018-03-12 19:18:58', '2018-03-12 19:18:58'),
(284, 38, 'Jaylan Adams', 'Enim iste eligendi adipisci quo et debitis quod vel. Nihil tempora necessitatibus accusamus laboriosam ut. Reprehenderit enim hic quis sit nam.', 5, '2018-03-12 19:18:58', '2018-03-12 19:18:58'),
(285, 186, 'Prof. Sanford Abshire', 'Quam autem itaque repellat. Modi dolore animi tempore est voluptatem. Et a esse qui officia explicabo dolores. Distinctio doloremque architecto et sit quibusdam ea. Esse ex est consequuntur.', 4, '2018-03-12 19:18:58', '2018-03-12 19:18:58'),
(286, 171, 'Ena Smitham', 'Quod alias molestiae non et sit. Quas tenetur assumenda nesciunt voluptatem impedit dolores. Praesentium veritatis molestias voluptatem et. At accusantium facilis et enim unde quis. Voluptatem quo nobis esse quis maxime quo.', 0, '2018-03-12 19:18:58', '2018-03-12 19:18:58'),
(287, 153, 'Erich Trantow Sr.', 'Praesentium vel quos enim ut dolorem quia. Cumque nihil porro aut vitae veritatis maxime. Quia autem quidem natus et.', 4, '2018-03-12 19:18:58', '2018-03-12 19:18:58'),
(288, 171, 'Alexzander Sporer', 'Rerum et sed omnis. Nulla et dignissimos odio quaerat quasi. Perspiciatis culpa provident maiores non libero nam. Laudantium vitae distinctio et qui minus adipisci ducimus.', 1, '2018-03-12 19:18:58', '2018-03-12 19:18:58'),
(289, 211, 'Molly Predovic II', 'Et laboriosam aspernatur recusandae qui. Est velit neque et dolore. Et debitis error totam. Ut aliquam maxime quibusdam non voluptatem incidunt dolores.', 0, '2018-03-12 19:18:58', '2018-03-12 19:18:58'),
(290, 127, 'Mortimer Brakus', 'Quo fugiat quia iste qui qui est. Aliquid minus nihil rerum repellendus ipsam ut pariatur ullam. Est ea et dolore debitis cumque.', 4, '2018-03-12 19:18:58', '2018-03-12 19:18:58'),
(291, 79, 'Dr. Madelyn Erdman', 'Fuga aut facere voluptatem dolores praesentium quia doloribus. Architecto consequatur repellendus dolores error est eos delectus. Vero id sit est occaecati.', 2, '2018-03-12 19:18:58', '2018-03-12 19:18:58'),
(292, 144, 'Prof. Lilian Haley II', 'Nesciunt id quod nesciunt neque. Veritatis perferendis architecto nam vel est vel minus eligendi. Est at aut voluptatibus asperiores qui velit.', 0, '2018-03-12 19:18:58', '2018-03-12 19:18:58'),
(293, 6, 'Hazel Schneider', 'Assumenda inventore odit quia est possimus. Aut sunt velit vero. Qui velit molestiae est voluptatibus iure modi et. Corrupti similique numquam aperiam explicabo libero hic.', 3, '2018-03-12 19:18:58', '2018-03-12 19:18:58'),
(294, 93, 'Mrs. Flossie Schulist', 'Sit quos vero numquam. Incidunt laudantium praesentium ex tenetur dolor. Velit unde molestiae fuga explicabo porro nihil. Voluptate et asperiores voluptatum et.', 1, '2018-03-12 19:18:58', '2018-03-12 19:18:58'),
(295, 238, 'Bobbie Casper', 'Quaerat pariatur non amet quia nisi. In voluptatibus sit voluptas et. Distinctio non debitis deleniti sint.', 2, '2018-03-12 19:18:58', '2018-03-12 19:18:58'),
(296, 201, 'Larue Brown', 'Qui omnis dolores non consequatur. Ipsum ut quibusdam veritatis molestiae voluptatem nam mollitia. Voluptas ut dignissimos ea nisi. Odio omnis voluptate adipisci necessitatibus ut consectetur.', 4, '2018-03-12 19:18:58', '2018-03-12 19:18:58'),
(297, 121, 'Josianne Kuhn', 'Odio voluptatem et eveniet repellendus et laborum sit. Consequatur tenetur aperiam nostrum recusandae. Qui eum dolorem amet et rem assumenda dolores adipisci.', 5, '2018-03-12 19:18:58', '2018-03-12 19:18:58'),
(298, 183, 'Grayson Satterfield', 'Dolorem soluta vero iusto quod voluptatem. Eius error dolores sed. Dolorem sunt esse ut culpa sequi. Quo ipsum consequatur nemo omnis odio ea veritatis. Eveniet doloribus sunt aut rerum corporis optio et.', 5, '2018-03-12 19:18:58', '2018-03-12 19:18:58'),
(299, 42, 'Justine Kunze', 'Nostrum quis deleniti neque. Et repellendus mollitia vero eum eligendi repellat reprehenderit. Culpa ea enim qui dolorem voluptatibus consequuntur quod. Necessitatibus dolorum dolor rerum ut at perspiciatis distinctio.', 2, '2018-03-12 19:18:58', '2018-03-12 19:18:58'),
(300, 181, 'Maida Conn Sr.', 'Non nemo aliquid dolor in repudiandae. Laboriosam nam est labore excepturi ut magni tempora quisquam. Quibusdam pariatur totam et laborum repudiandae quia sequi.', 5, '2018-03-12 19:18:58', '2018-03-12 19:18:58');

-- --------------------------------------------------------

--
-- Estructura de tabla para la tabla `users`
--

CREATE TABLE `users` (
  `id` int(10) UNSIGNED NOT NULL,
  `name` varchar(191) COLLATE utf8mb4_unicode_ci NOT NULL,
  `email` varchar(191) COLLATE utf8mb4_unicode_ci NOT NULL,
  `password` varchar(191) COLLATE utf8mb4_unicode_ci NOT NULL,
  `remember_token` varchar(100) COLLATE utf8mb4_unicode_ci DEFAULT NULL,
  `created_at` timestamp NULL DEFAULT NULL,
  `updated_at` timestamp NULL DEFAULT NULL
) ENGINE=InnoDB DEFAULT CHARSET=utf8mb4 COLLATE=utf8mb4_unicode_ci;

--
-- Índices para tablas volcadas
--

--
-- Indices de la tabla `migrations`
--
ALTER TABLE `migrations`
  ADD PRIMARY KEY (`id`);

--
-- Indices de la tabla `password_resets`
--
ALTER TABLE `password_resets`
  ADD KEY `password_resets_email_index` (`email`);

--
-- Indices de la tabla `products`
--
ALTER TABLE `products`
  ADD PRIMARY KEY (`id`);

--
-- Indices de la tabla `reviews`
--
ALTER TABLE `reviews`
  ADD PRIMARY KEY (`id`),
  ADD KEY `reviews_product_id_index` (`product_id`);

--
-- Indices de la tabla `users`
--
ALTER TABLE `users`
  ADD PRIMARY KEY (`id`),
  ADD UNIQUE KEY `users_email_unique` (`email`);

--
-- AUTO_INCREMENT de las tablas volcadas
--

--
-- AUTO_INCREMENT de la tabla `migrations`
--
ALTER TABLE `migrations`
  MODIFY `id` int(10) UNSIGNED NOT NULL AUTO_INCREMENT, AUTO_INCREMENT=5;

--
-- AUTO_INCREMENT de la tabla `products`
--
ALTER TABLE `products`
  MODIFY `id` int(10) UNSIGNED NOT NULL AUTO_INCREMENT, AUTO_INCREMENT=251;

--
-- AUTO_INCREMENT de la tabla `reviews`
--
ALTER TABLE `reviews`
  MODIFY `id` int(10) UNSIGNED NOT NULL AUTO_INCREMENT, AUTO_INCREMENT=301;

--
-- AUTO_INCREMENT de la tabla `users`
--
ALTER TABLE `users`
  MODIFY `id` int(10) UNSIGNED NOT NULL AUTO_INCREMENT;

--
-- Restricciones para tablas volcadas
--

--
-- Filtros para la tabla `reviews`
--
ALTER TABLE `reviews`
  ADD CONSTRAINT `reviews_product_id_foreign` FOREIGN KEY (`product_id`) REFERENCES `products` (`id`) ON DELETE CASCADE;
COMMIT;

/*!40101 SET CHARACTER_SET_CLIENT=@OLD_CHARACTER_SET_CLIENT */;
/*!40101 SET CHARACTER_SET_RESULTS=@OLD_CHARACTER_SET_RESULTS */;
/*!40101 SET COLLATION_CONNECTION=@OLD_COLLATION_CONNECTION */;
